order_id,product_id,add_to_cart_order,reordered
2475688,23288,1,1
386187,23067,6,1
345693,7500,8,0
1005392,47209,3,1
2313306,2488,2,0
2146702,16456,15,1
2799185,3952,10,0
2157345,1835,2,1
2059420,12638,26,0
619438,33000,2,1
2472191,45948,10,1
1762979,37687,3,0
2064963,33950,12,0
411449,38974,3,1
938185,28885,12,1
172666,24238,6,1
1408658,30489,3,1
1399408,5514,8,0
2149771,1158,6,1
1608777,48183,16,1
2437229,48746,3,1
2078741,24082,15,1
2016957,7646,17,0
550181,23986,10,1
13329,43720,2,0
887892,45615,7,0
968645,12427,4,1
2594416,15763,18,0
800466,890,25,0
2883176,26429,6,1
2492405,47626,7,1
570986,18362,2,1
3036299,13176,3,0
1635802,30696,13,1
2068582,6568,2,1
1925815,13176,12,1
2551960,24852,1,1
500690,19678,17,1
3015799,15392,16,1
3245405,40571,23,1
2386438,42450,6,1
406149,46473,1,0
2852590,47766,1,1
517538,37766,5,0
2626064,30391,9,0
700025,38768,1,1
115663,18851,21,0
3117800,19548,6,0
2458350,28199,18,1
3314361,48205,3,1
1405386,27796,14,0
1461908,36865,5,1
2529218,37524,8,0
781787,43122,11,0
2486325,20345,5,0
2162248,21938,9,0
2550286,21497,11,1
2716032,4605,1,0
459788,26709,8,1
2959907,2646,8,0
1431688,24964,15,1
2144171,12140,6,1
2468786,24852,10,1
506306,27344,26,1
1835150,8390,1,1
1480516,47209,5,1
635323,33754,10,1
2671709,44987,35,1
719269,29327,9,1
3143940,6970,6,1
3418722,17616,3,0
3168447,7987,8,0
678642,47209,14,1
2661815,47626,6,1
596600,22935,4,1
1368040,6369,7,1
608022,2265,4,0
2095523,31506,14,0
573756,47211,4,0
1368022,5450,3,1
239181,47626,5,1
2014827,47759,14,1
1335,44359,1,1
210651,16419,8,1
1034488,16659,20,0
1532596,22367,2,1
584798,20842,11,0
2644027,13176,3,1
2704637,11781,30,0
1080046,24964,3,1
1483827,6846,2,1
439567,47766,15,1
1603541,37538,6,0
2604006,7043,15,1
215461,45167,11,1
850313,38747,3,1
2724751,19006,11,0
2688029,45167,2,1
2866129,48679,3,1
1044206,15000,7,0
3358701,45668,26,1
2363542,27544,9,1
2530225,14761,3,1
3376431,19173,14,1
416326,45007,3,1
1907397,10545,10,0
459959,25043,10,0
2094732,8424,16,1
2442778,10017,5,1
2254076,13280,1,0
2643930,27683,6,1
443044,972,6,0
1056005,22624,8,1
1231221,18725,5,1
3216026,20527,18,1
285509,25670,2,1
622875,13565,4,1
1144506,41842,13,1
425709,17652,5,1
3190214,9866,3,0
744653,35782,13,1
1387179,15707,16,1
1077395,19382,24,0
1800471,22474,24,0
1783109,2091,12,1
2836112,32642,16,0
2168378,4472,1,1
1318937,4793,1,1
3339505,17553,4,1
3147839,38689,2,1
264917,3269,11,0
2923431,33344,1,0
1465254,23909,1,0
3137119,49174,16,1
2982510,45007,4,1
1771757,27307,1,1
3065439,21137,2,1
1023679,1694,3,1
1711092,24852,1,1
784449,34126,22,1
1947031,7401,5,1
184442,7715,1,1
1899313,17986,8,0
3174261,22825,14,1
755673,44683,7,1
894847,17568,20,1
255359,13176,2,1
1297011,18656,7,0
1874824,24830,8,1
3219259,20118,9,1
3271060,21841,10,0
1363482,24099,22,1
2504045,27690,13,0
1017446,500,5,0
1402697,13589,8,0
2980437,48135,2,1
2538363,23341,25,1
3175414,12932,17,0
1470584,24253,2,1
563556,17679,18,0
2306566,24964,30,1
3059970,13598,3,1
2483755,939,10,0
1145734,37067,4,0
2530421,30489,9,1
1784583,43504,11,0
2227110,13176,1,1
114667,39844,4,0
2516735,30391,7,1
1314890,47842,22,0
2365845,21011,10,1
1265770,41351,9,1
2830570,18880,21,0
3400698,46129,1,1
2775051,21267,5,1
645214,45066,9,1
199310,44022,3,0
3282546,37067,2,1
110900,36431,7,1
1221663,25985,9,1
3368667,28199,5,1
2647782,8670,19,0
889963,12738,2,1
1175815,2014,5,1
3391702,34116,10,1
3157884,29265,14,0
1746019,19125,14,0
995968,34262,14,0
2302409,32139,13,1
1158579,29987,2,0
3004765,32864,9,1
325058,4562,4,0
3294279,7503,2,1
1380391,42936,8,1
1093409,27966,3,1
157231,8605,14,1
2654206,16616,22,1
676532,47626,11,1
2579474,43154,2,1
2372367,25686,9,1
117209,49030,3,0
377030,22151,28,0
1030173,19068,1,1
2408005,31869,31,0
1407859,10117,5,0
1773082,47823,14,0
712093,22474,5,1
3022875,27104,2,0
1123717,20015,3,1
2561911,27642,3,1
571686,38949,1,1
250566,11903,15,1
2469113,24964,11,0
1252216,33120,5,1
702083,33452,2,0
3116417,47209,5,1
828602,40310,14,1
2636000,28459,7,1
2374010,42450,14,1
2986355,28204,1,1
1880347,726,4,0
2952510,43772,8,0
727877,46522,4,0
3300776,30117,9,0
2476505,19513,3,1
3327219,22180,5,1
1302101,20169,18,1
2386963,28204,9,0
344644,30325,14,0
1931331,42265,3,1
1912604,19057,2,1
1457177,38988,13,1
3277556,48132,21,0
2201551,35217,20,0
3224925,23909,1,0
1867337,9327,20,0
1124359,7411,19,1
388808,44987,15,1
2381589,18321,19,1
80630,20955,22,1
852899,35234,7,1
2977194,26209,3,1
2818154,28156,14,1
2807387,1516,16,1
2572159,46979,10,1
1570372,33104,4,1
262661,24852,2,1
870994,39275,1,1
2644462,32650,4,1
2264496,2154,25,0
47033,9290,4,1
1878388,40198,18,0
220403,13076,2,1
2317061,10749,8,1
3306601,45066,37,1
449826,47042,14,1
1988999,24852,2,1
469391,28058,8,1
2766877,41771,7,0
1131259,4920,5,1
1371862,17876,4,1
2028556,13852,26,0
2418527,20995,12,0
1430821,4210,12,0
358188,28316,8,1
1797479,3142,10,0
1460309,8831,5,0
1859505,1083,8,0
1906821,32655,7,1
1568498,13493,4,0
155134,44477,11,0
477927,7391,8,0
1685469,22890,6,1
2782044,21137,24,0
1932859,34287,4,0
1427329,7295,3,1
3036182,38684,23,1
706493,28985,9,1
1486779,45089,8,0
1760219,3231,14,0
925723,39877,3,0
1865097,19348,3,1
1100747,49325,13,0
2898389,33095,3,1
82118,14870,9,0
3112228,16170,4,0
1995096,48745,1,1
65863,42585,14,1
2737917,28574,10,1
1952082,25640,16,0
2733497,17334,3,0
761503,25931,18,1
2539286,3274,1,1
2172007,21513,3,1
1119840,37687,9,0
1352594,16462,5,1
2127769,28104,9,1
899582,41488,6,1
2239687,25146,11,1
502503,21405,10,0
899034,1210,2,1
623187,28842,6,1
597723,21847,1,1
2384506,1374,2,0
25854,21137,1,1
2072580,38293,13,1
139494,14715,4,1
435809,27985,2,1
2841990,39411,8,0
3118639,14870,9,0
3129904,10539,11,1
2249083,10275,4,0
538128,13176,3,1
2586996,20734,9,1
2268380,32303,5,1
2979281,39901,19,0
2508451,12392,7,0
33564,41959,22,0
3230202,5029,2,1
1746037,5460,8,0
2742698,18473,14,0
57725,44042,2,1
1606827,40648,23,1
1358834,30967,7,0
1655235,5528,36,0
1132045,24372,5,1
3046299,36695,16,1
55715,24184,22,1
700552,21137,2,1
430374,624,11,1
407503,21985,2,0
2252690,24320,7,1
1651524,18434,17,1
225618,39066,2,1
2097232,47626,19,0
288849,24852,2,1
1546974,41458,8,1
1912766,21292,1,1
362945,44632,5,1
211139,45535,7,0
1872857,18594,2,0
2900014,42849,15,0
2624830,27845,2,1
1458375,40706,19,1
2899644,39812,6,1
1991357,20588,24,1
2410918,43483,4,0
1436463,38408,18,1
2877199,11068,4,1
962603,5077,6,1
2310775,22708,5,0
1997010,1364,18,1
1287407,7969,15,0
806429,47156,2,0
1598221,46979,2,1
834455,40377,4,0
140030,13176,8,1
1461863,28931,7,1
3022798,47209,1,1
3299632,42265,16,1
1118341,48775,5,1
2159104,45504,2,1
1845101,38844,16,1
2371602,33000,20,1
1736372,30584,6,1
278529,47209,4,1
1307646,11777,2,1
449275,10644,8,0
1692630,39226,18,1
666762,8138,9,1
2327879,17334,5,0
1186120,17304,5,0
146026,29974,2,0
2867267,10796,8,0
3006053,23165,11,1
546433,43875,20,1
2495342,16797,2,1
1708349,22141,13,1
2836169,21914,18,1
334410,11759,1,0
2881934,25882,3,1
339191,2726,35,0
2980518,8174,15,1
1615872,12363,4,0
2059475,28498,4,0
621722,5450,9,0
274329,26165,7,1
1376097,7485,13,0
3062621,13517,11,1
1840876,28985,1,1
1028834,32360,5,1
1779598,44911,6,0
1481167,778,40,1
2534020,33509,12,0
2683926,21903,4,1
468109,38274,2,0
3181902,30489,5,0
2009489,22474,17,1
2358149,24852,1,1
2069010,7361,24,1
2533287,24852,2,1
2061948,49111,7,0
3190667,26348,13,1
900251,21999,1,1
723820,31720,16,1
1203948,47591,20,0
1477405,40180,12,1
2774867,27966,2,1
1792040,3957,11,1
3378969,18238,12,1
488698,46526,8,1
853602,49683,5,1
1887464,5785,5,0
2048954,9337,7,1
2718318,42097,4,0
872711,32139,10,1
315178,40775,23,1
476934,28021,20,0
353426,4605,8,1
1082085,45961,12,0
1888188,29101,20,1
2843837,9076,5,0
2035870,24658,8,1
1290807,24852,2,1
1769346,24841,2,0
435431,27344,3,1
1570977,37687,5,1
1721681,4942,7,1
3180949,4658,7,1
451711,22935,8,1
1846154,37646,3,1
2508561,32667,9,1
19314,4920,8,1
735866,34792,13,0
275327,16521,12,1
1304189,42736,17,0
1055636,2116,9,1
1320296,45200,8,0
3029870,10054,5,0
420297,19508,5,0
3156361,4609,1,0
2295389,41984,1,1
2608033,43961,3,1
521333,48297,4,0
1801541,39984,12,1
2116264,37687,10,0
427531,47209,6,0
2377676,39275,4,1
1247918,26711,10,0
1946927,13070,10,1
1524318,12276,6,0
1971003,4920,24,0
1044651,34969,21,0
2973120,14897,22,1
2800729,34134,13,1
1502448,14633,2,0
1674782,37120,10,0
1625529,38164,12,1
2719032,20114,2,0
700977,15159,10,1
2339065,19821,11,0
3276400,31695,17,0
2493817,19261,2,1
1499860,7781,4,0
2418643,3397,2,0
433208,35108,2,1
418462,33342,7,0
509352,21479,16,0
2738263,19204,2,1
2981161,46914,22,0
1323508,44142,1,0
2618387,44245,8,0
1715633,20919,9,0
3070807,46025,7,0
625282,47209,39,1
1984010,18175,2,0
1596194,24518,21,1
2597292,24852,22,1
831539,41665,7,1
3057054,6108,4,1
804403,38689,1,1
511895,4252,13,0
3056268,31763,1,1
65641,15996,11,1
2775085,47249,2,1
1671882,33731,5,1
2501597,22935,15,1
1442000,31343,11,0
2382573,19734,14,1
1804536,329,2,1
3006617,29503,1,0
1881420,49605,6,0
2052477,44919,8,0
2663328,35321,17,1
3190008,16797,7,1
199683,26634,1,1
2828968,28311,10,1
343164,37192,2,1
2931924,37524,16,0
604833,44142,19,0
1964451,12858,1,0
243282,24852,1,1
1861501,47626,8,0
155075,421,3,0
3308470,23915,1,1
1204398,17313,5,1
3122559,44156,5,1
2175692,29672,6,1
3177785,6907,19,1
3394294,39293,19,0
264142,31288,3,1
3134040,40198,3,0
2470918,38090,20,1
1084548,18234,19,0
3334433,2537,12,1
1994766,13646,5,1
1141737,14183,4,0
2996285,40621,5,0
431267,18531,8,0
2836112,10990,21,1
1449064,651,4,1
2428180,41010,4,0
28321,42307,4,1
1434568,2295,1,1
2093267,27903,19,0
1224216,39877,7,1
710464,35269,1,1
2397010,23645,3,1
427456,20437,4,1
1858682,31299,1,1
2255112,27845,4,0
1145001,4920,7,1
107840,284,6,1
1337963,39589,6,1
1841449,32465,8,0
502503,21616,13,0
820414,38720,10,0
2865093,31040,14,1
2187332,36034,18,1
1128764,41480,12,1
1650821,40706,10,1
1493917,45066,13,1
2595444,30187,5,1
1826981,48335,7,1
899739,32566,2,1
1755170,29640,10,0
567343,17794,7,1
1005754,44514,6,1
2397115,16309,3,1
2439828,10673,13,1
2029,12383,4,0
1912604,21709,7,0
744195,35750,12,0
334543,44099,12,0
1728515,18465,6,1
2320620,26790,10,1
292454,2295,2,1
1709280,1529,2,1
1696231,7702,4,0
1666059,27845,1,1
1536942,20156,3,1
1834989,13176,1,1
275156,1559,24,1
2003234,30000,16,0
2533014,10551,17,0
1468997,22935,1,0
901975,13176,2,1
3052229,21137,3,1
458214,4605,11,1
2941178,25839,8,1
288915,28990,16,1
2301788,43218,16,0
2914995,1890,4,1
220707,19154,6,1
1763953,31343,14,1
1749666,24629,9,1
1600102,48335,2,1
831334,25744,26,1
709122,42766,7,0
1383526,14233,4,1
563104,7189,23,1
3193211,26209,6,0
2951601,48220,12,1
790900,45603,2,1
2221362,18078,23,0
2374506,40604,10,1
3351218,25589,17,0
620974,23032,4,0
1017199,28398,23,0
1009629,40706,10,1
1766975,33291,9,1
2015514,44866,14,0
2216761,31506,16,1
2680102,47766,1,1
1649015,41950,4,1
326238,39877,1,1
3041258,34243,16,1
2047768,26410,6,1
3069692,13838,12,1
1057562,9327,3,1
1203637,4367,8,0
3386620,24852,1,1
1374208,16349,13,0
1724050,42944,10,1
2469615,46562,5,1
1112420,14233,6,1
1549265,8195,3,1
2079362,47439,15,1
739906,39977,5,1
711734,22491,3,1
2883124,27189,17,1
218069,20113,4,1
1988229,40301,2,1
812040,38256,6,1
1875461,5450,14,1
1567190,45345,6,1
567631,11985,12,0
796747,1940,4,1
404996,41540,13,1
2000667,24964,3,0
2805591,14576,10,1
1987178,26209,7,0
3346430,48941,3,1
2376822,11974,18,1
1949513,12186,17,0
1193610,17652,7,1
2119538,2855,1,1
2788078,10749,27,1
862349,33956,24,0
1854491,37158,8,0
1871941,37065,12,1
950256,15654,7,0
2592339,24184,6,0
336192,48385,5,1
2845138,37646,3,1
529544,33198,1,1
780914,29145,5,1
1526081,37792,8,1
470706,22617,21,0
1360352,24852,3,1
454330,3798,3,1
1363451,22093,17,0
2957756,27156,7,1
3093893,16281,22,0
3159780,19972,1,0
1673903,34221,20,0
1508385,44683,3,0
3318911,23915,8,0
1094413,44359,24,0
2991121,33682,1,1
3214988,26300,10,1
2625718,724,32,0
1149658,37257,12,1
1355077,37646,25,1
498528,34969,14,0
2413216,27156,2,1
524693,6655,34,0
1914753,25705,11,0
3311642,6184,4,1
903321,6177,31,0
1600392,920,3,1
2934741,22260,22,1
61688,21050,4,1
56122,43182,5,0
973725,24852,3,1
2349320,10866,13,1
851121,44008,5,1
2961194,20344,6,0
2324170,29898,23,0
2187253,24390,12,1
1792756,42828,10,1
631530,11777,7,1
3261446,25753,1,1
3419306,8424,18,1
2643053,29675,7,1
482210,5025,7,1
25166,48364,6,1
3106408,25362,5,1
335383,26209,16,1
1060550,47626,7,1
2477617,17807,10,0
1210510,22115,3,0
596092,20734,4,0
3109704,37912,11,0
430336,19180,57,0
1235545,9339,7,1
709958,24852,2,1
260297,18025,11,0
2945759,42719,9,1
1269682,29987,7,1
1736123,27045,1,1
2105833,47030,6,1
117622,27548,3,0
2417965,8381,4,0
1147711,18779,12,0
2096587,37959,20,0
2447907,27521,3,1
1368477,2180,8,0
731862,32734,9,0
1157047,26620,5,1
859068,25813,12,1
375455,40377,8,0
387472,14870,7,1
688517,37945,45,0
2402011,28425,7,1
2352112,13870,9,1
1702005,33000,1,1
3233713,41135,2,0
854892,10497,6,1
1311516,13829,9,1
1829349,12745,12,1
188761,47766,2,1
1525255,40516,3,1
208789,9438,14,1
1034649,34584,1,1
3398360,33129,11,1
1688014,24852,3,1
1379883,31805,7,0
2159819,38400,8,1
2290756,48775,6,0
3404764,10212,14,0
2339504,46049,2,1
2424417,17758,14,0
2585010,44548,15,1
1341323,9339,17,1
2533169,13131,18,0
1807697,36695,16,1
513619,31717,28,1
1461781,5713,13,0
652399,30706,2,1
3408014,1999,13,0
2915798,7222,4,0
453043,43644,5,0
81898,35284,6,1
1171249,47766,1,1
658076,43758,6,1
559462,35176,1,1
3214561,10749,12,1
1301975,39492,8,0
2596299,16797,21,0
3147411,45,26,1
1468309,8193,7,0
2338801,8048,3,1
2034042,19019,14,0
319897,34780,2,0
2937505,28805,24,0
2329333,31964,12,1
2755841,27845,9,1
2135040,4779,14,1
1022183,23170,2,0
2880111,42265,6,1
1324347,5212,7,1
2755162,7533,1,1
1911494,16965,2,1
571301,29429,24,0
472245,1747,5,0
62924,32079,12,1
3322346,2361,6,0
2845485,13627,18,0
948866,20827,44,1
2761936,44548,2,1
2048689,24852,2,1
306685,34717,14,0
154811,21137,3,1
2290495,37074,5,1
3207033,12916,8,1
887186,5876,5,1
192424,23734,11,0
2974366,10586,1,1
1183347,26576,18,1
1022467,46820,1,1
402051,32531,4,1
2866611,36164,11,0
3332606,37067,1,1
862264,39993,11,1
66281,13598,10,1
2269864,38749,4,0
2838759,26856,2,0
839208,27966,1,1
1287003,22395,8,0
2048753,2854,8,0
1170482,38557,11,0
1436135,17616,15,1
2536491,22699,3,0
2375979,46935,7,0
1801114,42701,13,1
3282560,21137,6,0
406149,19348,10,1
942507,28842,6,0
2077573,35689,2,1
231926,27817,7,0
1958053,46903,3,1
1462353,14764,5,1
2257870,34234,40,1
730021,14947,2,1
194890,39035,9,1
3084347,32433,3,0
1677937,31766,2,1
1714856,30391,1,1
2157612,432,21,1
260297,9851,1,1
2618244,24125,9,1
246033,24799,11,0
768238,6377,5,0
2126004,29672,10,1
416256,40709,5,1
2425115,46979,1,0
412165,26976,38,0
2439401,38147,3,0
2090952,11845,23,1
1003192,27055,6,0
33785,47626,2,1
143284,32935,1,1
2471233,6522,2,1
2083108,26172,11,1
2276627,8021,6,0
498087,47652,4,0
698691,21077,2,1
2405958,13629,11,1
2055648,39099,9,1
3159398,24489,1,1
1667704,7472,7,0
752858,18019,9,1
880152,5770,17,0
175220,45113,1,0
1310901,8571,1,1
303790,5450,4,1
2107895,43744,4,0
50499,2556,2,0
2611205,45535,16,1
1719692,15290,10,1
1322893,24893,2,0
1794080,13176,1,1
1382311,48775,8,1
1809012,21461,29,0
2964291,23392,2,0
103059,44290,9,0
817661,9537,2,1
1811633,7644,12,1
2108642,36212,42,0
2631237,3407,1,1
1703834,9387,4,1
2266317,31717,12,1
709016,21051,5,0
2530456,44359,3,1
1667397,3459,11,0
227962,9076,9,0
229905,45007,13,1
722001,16970,1,0
257842,25437,9,0
2778492,4656,1,1
755986,35921,8,1
712494,26172,3,1
2894788,7773,4,0
396721,12341,1,1
2466451,48523,3,0
1622651,49683,1,1
784369,33198,3,1
1531253,33548,5,0
1865894,22959,14,0
3179424,35561,4,1
2632935,35333,13,0
243659,33897,8,0
2436866,25544,5,1
2270421,13866,18,1
1423857,39108,9,1
1811886,13712,1,0
658392,5748,8,0
687288,48094,10,0
601184,26767,5,0
92230,26209,1,1
378918,33731,10,1
3196457,48299,16,0
2590436,42557,6,1
46285,47144,2,0
3237186,31564,7,1
2149726,23644,10,0
64370,47029,2,0
1588607,24615,4,0
1214031,39993,8,1
1242754,33305,1,0
2965040,15541,8,1
3107172,35417,9,0
3031063,37229,6,0
2925339,34134,7,0
818776,39877,26,1
1807038,34262,6,0
3354399,49517,20,1
3301024,41690,6,0
2586406,34329,2,0
1693793,27966,26,1
1193417,5385,3,1
2638998,8021,9,1
690040,47626,8,1
880233,47962,17,1
418383,10315,4,1
515551,5258,1,1
3252537,6459,12,0
936899,29487,1,0
2090925,6305,18,0
3330273,12341,9,1
2511270,39002,1,0
930232,36127,2,1
2189094,33791,8,1
2466530,48679,10,1
503212,39545,7,1
684020,35921,21,1
2188557,2386,19,1
2133695,14992,4,1
3022583,37552,7,1
2055626,26882,2,0
361914,27845,14,0
1231349,47117,11,1
3055247,24850,10,1
1751485,45374,18,1
876505,260,5,1
2232866,11230,10,0
2182562,30726,2,0
1707365,34126,6,1
662633,46616,2,1
532999,20705,5,0
1512330,47766,3,1
3220207,20156,7,0
941902,20114,9,1
220806,24363,2,0
3279355,5450,9,1
665857,27196,16,0
2406285,11198,6,0
546981,27451,13,0
1867554,28058,7,0
1988344,24852,2,0
2414503,19656,1,0
318102,20114,2,1
610623,10912,6,1
2932072,3661,11,1
778971,32303,18,0
1701730,21195,4,0
3382100,18218,7,1
3118639,7461,18,1
2868034,28199,4,1
2118492,5991,16,1
2834483,45948,5,1
861120,40723,6,1
2731251,27086,6,1
2085120,29015,4,0
2519274,1729,1,1
1928462,46945,2,1
2782658,21137,2,0
2931104,9154,13,1
768539,47893,7,1
1112063,42265,17,1
3117434,13176,8,0
662091,21225,6,1
1689000,46979,18,1
2527221,23340,8,0
18901,26759,1,1
1642122,1398,3,1
996866,48679,1,1
2540162,13176,1,1
1743293,8277,15,0
3259379,21903,3,1
2456075,37646,8,1
1642073,35629,1,0
161226,34969,4,0
465246,6933,15,1
2311725,10527,6,1
2883900,45570,2,1
3298540,17862,13,0
778971,8996,2,1
2746648,37687,7,0
127336,44014,7,1
89527,45154,9,0
267871,28842,4,1
2529024,41844,13,1
908919,45061,3,0
2834377,38693,4,1
730992,12290,2,0
1063340,21616,6,1
1933909,33222,3,1
2811965,45437,5,1
2744398,9076,17,0
1645422,12283,1,1
2631268,23716,15,0
468175,18465,11,1
526065,13966,7,1
380950,30233,15,1
2322613,49683,9,1
2779087,4605,13,1
1024251,6891,6,1
2688316,37158,3,1
2519164,30027,9,0
2256266,15290,10,0
2858399,7166,28,0
1248794,30391,8,1
1887413,5884,4,1
1596317,13629,6,1
638532,37687,1,0
673234,40479,13,0
1165004,17803,9,0
2323802,45051,2,1
577674,24964,12,1
3165512,7325,5,1
2023405,12845,7,0
3048893,14309,10,0
202908,5785,1,1
985970,48442,11,0
627406,35704,10,0
1768996,24082,7,0
1676990,40519,10,0
274070,26283,1,0
1809441,37792,2,1
941723,45051,3,1
2995481,21137,1,1
278157,14129,5,1
2909064,14084,2,1
160347,44393,1,1
774141,27966,10,0
1094900,30391,4,0
1248144,264,9,1
1759337,2421,2,0
2004816,11520,10,1
297404,5337,6,0
1676860,21137,2,1
187887,47726,11,1
2247579,141,11,0
1185331,25705,10,1
754428,7963,2,1
667582,39947,16,0
913821,42579,18,0
1785661,25138,5,1
604785,11463,10,1
1628336,25824,11,1
1756702,5175,9,0
2212193,17794,2,0
2929652,39858,1,0
396008,17858,9,1
1665716,10573,5,1
2281568,22825,3,1
2378115,47029,3,0
70932,45007,15,1
2824803,37892,2,0
996563,4920,5,1
2288150,45007,6,0
3414589,11182,20,0
1902280,41165,23,1
764997,1463,2,1
232314,21847,4,1
983737,5450,4,1
2933314,6104,12,1
3172170,12597,9,1
2303753,35328,9,1
26318,37511,15,1
2935025,18370,7,1
541154,10129,20,1
2601621,39408,5,0
2517485,44234,6,1
3283585,43568,19,0
454977,38896,13,0
1549267,4920,7,1
1906743,38996,3,0
2887455,33316,9,0
1778242,17313,2,1
2352800,10836,7,1
2149572,38164,3,1
1671489,21137,7,0
815980,19296,4,0
2013915,7175,1,1
419732,27433,19,1
3147224,32398,3,1
107911,8518,4,0
226328,4957,9,1
1947128,46676,5,1
2801193,39657,4,1
767951,34886,6,0
3355417,8490,1,1
2761994,8575,7,0
905408,35221,4,0
3084062,47766,6,0
3030520,2664,6,0
2135355,27086,9,1
1243760,18176,19,1
736001,18465,1,1
132396,47766,1,1
2948112,22825,8,0
1057888,27363,4,0
2947088,29315,3,0
2088962,1994,4,1
78020,42265,10,1
402265,38693,22,0
405613,24852,2,1
19471,31701,15,0
2395488,890,8,1
379412,30391,5,1
76443,790,7,0
454001,40709,10,1
3128106,35425,9,0
3392539,28836,8,0
2184903,45119,6,0
3080521,49131,6,1
3335224,21376,27,1
2685560,34448,10,1
1482490,18465,1,1
1172307,17771,3,1
1930264,48071,8,0
2938611,37763,7,0
953373,21903,3,1
2269430,19348,1,1
1012487,36342,1,1
1766808,12784,6,1
1831258,5438,9,0
2628908,11182,17,0
2388793,4945,2,1
1752702,36360,6,0
1735694,9036,9,1
2673442,42471,13,0
853912,43961,7,1
14571,17872,5,1
3184884,48559,3,1
2365335,14804,29,0
2947301,28106,6,1
529288,41950,7,0
665563,13176,9,1
1778209,8075,8,0
2759826,26369,9,1
2065364,34137,4,0
153186,32700,8,0
2741382,43279,1,1
504669,26209,9,0
702422,37192,26,1
1553344,890,4,1
2403593,39877,7,1
649279,24979,11,0
2731544,18465,1,0
822387,15906,8,0
794297,9075,17,1
2535960,10862,19,1
2002086,31651,2,1
259512,24891,1,1
2798992,13807,21,0
2853139,22882,14,0
2134789,36522,1,0
3307074,4138,1,0
1757426,2089,16,1
3259197,31067,6,0
3326112,42445,11,1
2317600,37642,2,0
3109459,4792,5,1
2933297,33787,1,1
58334,34448,11,0
1777317,40396,2,1
2552494,31883,12,1
1956517,38889,5,0
2821829,4444,19,1
2611842,33575,14,1
1799918,47626,10,1
3066320,24852,15,1
456,4972,7,0
1480124,27521,16,1
190126,22035,16,1
2520688,25753,13,1
1861033,38768,5,1
2854353,9282,27,0
1133275,26032,4,1
1153392,16797,16,1
303086,27275,13,0
1994791,32465,25,1
3065477,37754,10,0
2759559,2078,2,1
3046794,45106,11,1
1173477,18643,5,1
2636675,49683,9,1
995733,46650,4,1
590255,9605,14,1
948866,44843,23,1
2365304,21903,2,1
2284155,12145,3,1
858316,21616,13,0
108630,36772,6,1
1950561,23645,3,1
732359,36386,6,0
1205747,15937,14,1
1423052,29345,12,1
480882,17872,12,0
1270199,20564,8,0
1263648,40991,20,0
1216052,23612,4,0
214372,4605,12,0
707003,40472,1,1
86258,6274,7,0
3180161,49191,2,1
1152176,46886,3,0
2500056,28156,8,0
1914356,33337,13,1
2646002,37857,12,0
2418228,17744,9,0
2567799,25783,1,1
1464562,44080,6,1
2509974,12341,1,1
513417,43352,1,1
3080913,13147,2,1
677280,1541,2,1
3411099,48775,9,1
1529840,2966,11,0
2653218,27086,20,1
2494339,37646,25,1
2546332,27521,10,1
1023631,43875,8,1
1858732,11461,14,0
1693905,18465,4,1
1861966,16965,7,0
342033,29615,20,1
2694347,2078,21,1
1838937,19982,5,0
1387921,49381,18,0
1517731,3861,24,1
181775,22142,9,0
1425119,7781,6,1
1203293,21162,6,0
1038686,1578,5,1
833737,4347,18,1
3040054,21616,31,0
303637,5883,8,1
1976606,16759,7,0
2005918,35,10,1
2120718,31343,13,0
3086408,34222,34,1
2808966,45007,4,1
2674288,39032,5,0
905104,24852,2,1
2473521,33787,2,1
1938855,49610,1,1
640592,22553,37,0
2851727,45364,6,0
926640,42265,23,1
974290,40354,1,1
2445960,1148,2,0
3209829,9405,4,1
86005,3283,4,1
51781,20460,8,0
2885853,17038,8,0
2011738,23737,2,0
923315,39180,8,1
2264304,34320,6,0
1227572,42265,1,1
41669,29487,14,1
3249845,24184,8,0
2968853,7911,17,0
1613591,42145,24,1
3024096,31553,11,1
3085651,17093,12,0
3260916,48628,15,0
3298862,31893,2,1
2462288,16797,11,1
3187854,42016,1,0
239561,49248,17,0
1373988,1185,4,1
901038,18389,13,0
376640,33316,14,1
1785423,25146,3,1
824080,46047,9,1
1038763,311,25,1
259048,6473,10,0
2748388,1999,4,0
1870998,38383,14,0
1080961,15290,9,1
1033312,4377,37,0
2525666,9472,33,1
269670,30391,23,1
2574447,28849,22,1
2507801,34927,3,1
3113520,13984,37,0
2794531,30169,24,1
1259225,38739,13,1
3202030,16920,7,1
1999653,857,5,1
2873326,26209,10,1
2764702,15057,1,0
1175831,32360,7,0
3337788,45066,4,1
989971,1516,5,1
1400455,34946,12,1
461591,26940,4,1
3088449,32465,5,1
1508235,21303,6,1
1983007,5782,8,0
2857403,21616,13,0
1713838,27398,23,1
1826191,45039,3,0
352139,8013,2,0
1806477,27966,11,1
2584099,38772,23,0
2301788,36718,42,0
472178,23815,6,1
1403436,20757,8,0
1930693,6291,13,0
3313530,26634,34,0
174525,23102,28,1
2304577,11440,3,0
3210863,25965,6,0
1725598,15453,36,1
19715,7431,18,0
1530249,16797,2,1
227470,47231,2,1
644300,6166,25,1
963678,48004,5,1
2762015,42557,4,1
1714824,196,2,1
693233,12333,6,1
1745053,47766,6,1
2037463,41973,31,0
2048753,6300,12,1
3411202,34668,1,1
1249656,13249,15,1
2814084,45347,16,0
2295560,12858,12,1
300089,32864,2,1
3170766,196,1,1
935456,17986,11,0
3133642,20796,32,1
209209,29529,8,0
238428,19600,14,0
3204314,28148,1,1
1294581,24852,8,0
423051,44683,4,1
2279293,18531,6,1
2766729,35921,1,1
400045,26604,2,0
1440577,7628,4,0
2766998,3020,20,0
1929794,2592,6,1
608925,28476,3,1
1712085,21417,4,0
880741,29487,1,1
3154931,27845,3,1
464870,15541,1,1
2976343,8725,29,0
2974299,37609,6,0
3419156,9411,4,0
1938193,16797,10,1
1913621,8480,6,1
3283872,23351,3,0
787738,30252,11,1
2499256,46770,23,1
2576964,11891,13,0
1280584,4920,2,1
449923,27695,6,1
38288,22900,2,1
2774763,43358,8,0
285594,49175,22,0
952380,37067,6,1
1116002,39758,3,1
886437,5047,5,0
994683,25753,6,1
2090791,46906,9,1
1883895,27466,3,0
1187250,34435,2,0
2762987,19660,5,1
2994258,29934,23,0
3044376,41588,7,1
1988876,6274,7,0
2732776,14992,27,1
314742,47766,4,1
1843443,5194,8,0
2389200,43122,2,1
2474551,41375,19,0
1446282,10180,9,1
2450236,18027,14,0
1494128,9852,2,1
534259,48523,6,1
2064381,27744,4,1
342648,38849,4,1
769965,47626,4,1
2298673,11941,5,1
351224,47209,19,1
2961187,8859,1,1
2804469,12419,1,0
832033,32201,6,1
1787556,24964,6,1
2960183,40709,25,1
3068145,22792,1,1
2637236,34407,21,1
627298,17311,1,1
2783963,26209,6,1
610623,23094,4,1
1820314,2032,47,0
2452052,9906,7,0
1485237,13212,3,0
1148935,1747,5,1
1062410,21903,17,1
3353076,3957,13,1
2588247,14161,12,0
3289200,38820,13,1
1475390,26861,15,1
469778,7461,7,0
814892,3562,6,1
1101141,28961,9,0
2359010,38200,10,0
2530116,17397,7,0
2855357,16456,15,1
2038892,34270,3,0
941207,43504,2,1
2446891,39947,6,0
2563488,24852,2,1
662967,41618,7,1
183856,47766,24,1
2069648,14483,5,1
2786636,48220,6,1
2844018,35921,1,1
3374666,39408,10,1
2477947,13176,7,1
1745263,17835,23,0
1378817,48666,4,1
653964,27156,2,1
525665,820,27,0
1676791,21333,24,0
1826191,28413,4,1
3167813,46720,8,1
1882198,47766,3,1
2133922,13176,16,0
2096718,27056,2,0
1706793,24597,20,1
2379781,15872,8,0
1640907,39303,29,1
1348489,43641,12,1
3284556,37276,6,0
452314,35287,25,0
3309081,32655,2,1
1134343,29095,12,1
3128911,3318,5,1
228672,25705,2,1
941039,11005,17,1
386236,13517,7,1
2666097,29416,14,0
1438542,16714,6,1
3385849,44449,12,0
2182431,38205,8,1
1789856,24184,4,0
534814,41140,5,0
3036299,20899,5,1
634032,10998,16,0
246129,35824,10,1
711581,47070,1,0
3183318,33651,9,0
2294837,37919,8,1
1839418,47303,11,0
2005226,2180,9,0
1246385,37646,6,1
1018239,21019,3,1
304053,27796,12,1
1197672,26209,18,0
1697437,29601,10,0
2637649,15950,7,0
74390,45007,11,1
769515,3708,7,0
1112090,41213,5,1
463468,24852,4,1
3124429,22646,1,0
1644654,47865,5,0
2902171,8138,5,1
1552624,21137,1,1
566296,44632,5,1
2021750,31717,12,1
1157123,16696,2,0
710927,5876,3,0
1075874,41570,4,0
2335028,36865,2,1
326539,4421,19,0
2311385,22825,5,1
3277556,3397,3,0
443044,47626,10,1
64840,34049,4,0
862089,33956,18,1
1209041,13176,10,1
794844,24186,2,0
2156835,47144,3,1
700236,48220,5,0
486017,35221,6,1
3123378,48037,4,0
2564616,42828,4,1
3410529,17794,10,0
2000981,41674,6,0
3370908,47209,8,1
179342,46979,5,1
2232869,46667,8,1
2179187,32393,16,0
650220,18599,8,0
746804,13838,5,1
1512744,35293,3,0
2932939,39922,9,1
3225342,20119,15,0
1222150,24759,5,0
2274175,4302,4,1
1082861,49610,3,1
1588632,27662,8,1
599286,42585,11,1
1057570,15613,10,1
2240784,27104,13,0
2618032,24838,5,1
2749097,7781,10,1
1711735,27012,7,1
624994,2537,24,1
2445964,24852,4,0
2935157,29557,10,1
692804,45063,3,1
2750948,23288,14,0
2712350,23313,6,0
2481413,27966,1,1
2215289,41290,11,1
215003,10163,8,1
2463695,28849,8,0
79003,33065,18,0
1194064,31433,8,0
465576,13042,1,1
3133699,42342,21,1
2181074,1875,12,0
1833762,27845,1,1
216658,45246,10,1
1863709,42701,7,1
8121,7751,21,1
3340947,47890,1,1
1001080,40479,1,0
821295,33827,6,1
1660705,49139,25,1
527049,14633,9,1
1400455,13176,2,1
1801875,26312,11,1
2151426,21137,5,1
2401354,3529,4,1
2189094,15969,2,1
3396650,38383,10,1
800065,24838,26,1
1349322,19370,8,0
447319,17233,1,0
938852,30391,1,0
3120956,15134,2,0
3331464,36149,8,1
3163500,28606,8,1
592790,47209,5,1
2744433,38777,7,0
2263190,36685,4,1
436307,40632,10,1
2132407,21137,31,1
2688349,3330,29,1
1040182,2091,13,0
1265770,44506,18,0
3043334,24489,1,0
3260658,34459,3,0
1353490,13966,6,1
3192593,33198,7,0
1571457,45392,3,1
2737437,29346,30,1
234635,38984,6,1
2593147,34969,4,1
548828,24399,2,0
687288,24184,14,1
1203948,33527,28,1
1699140,21137,16,1
3417999,16553,6,1
3105735,42495,24,1
2036462,41007,3,1
935095,47284,7,0
2751745,9072,31,1
2269088,47366,5,1
162529,23165,6,1
482591,41149,9,1
2692500,24852,4,1
3045306,42174,12,1
2436141,11714,17,1
275525,8277,3,1
1759337,2544,13,1
130485,23630,5,1
602522,7925,12,0
1023286,14847,4,0
1937103,3155,3,0
1031521,24830,8,0
1436135,5077,22,1
2633971,27845,1,1
575968,21417,26,0
1461908,24622,14,0
224951,25476,7,1
2977275,47946,5,1
2070595,33147,2,0
3313697,27531,15,0
261487,3494,8,0
618316,40706,9,1
1440577,8193,8,0
2373420,13984,2,1
3406102,9472,14,1
2671735,26209,11,1
223975,40714,3,1
682119,23,4,1
920841,48559,4,1
504923,23909,3,1
555427,3952,16,0
1558722,33129,8,0
2565768,17461,12,1
180547,23752,8,0
2892825,43662,2,0
710983,24184,6,1
1853089,21137,7,1
225231,44487,20,0
1666445,4605,8,1
2681135,45633,3,0
2214749,49191,7,1
1360263,23964,1,0
1032262,8467,16,1
1639394,12302,1,1
2764122,34243,15,1
2107868,21162,16,0
991726,42936,12,0
304229,24852,3,1
835789,27845,2,1
2769139,39001,2,1
1661907,16910,3,1
3000090,37664,7,1
968432,21903,5,1
759796,37646,9,1
43636,12564,11,1
2902348,22475,4,0
2143514,41588,4,1
1864375,42053,4,1
2673398,39408,40,1
2939431,13176,25,0
1526273,20114,5,0
2419179,7870,6,1
2798406,42356,7,0
3151237,27966,2,1
934257,41658,14,1
915206,33614,19,1
3317697,44560,2,0
3000436,43961,11,1
210305,43122,19,0
3348294,41149,2,0
719894,7736,10,0
1821715,41259,2,0
2227403,44987,6,0
2240317,39117,3,0
1596894,21575,19,0
324402,29195,4,0
1615368,9076,2,0
3058316,28986,14,1
3222608,28934,1,1
2628044,42117,19,0
970849,23516,9,0
2303724,9795,11,0
1829468,24852,7,1
2483834,37229,3,1
2733403,40571,11,1
1070701,24852,2,1
518711,47025,1,1
2327313,13629,4,1
802311,22963,2,1
2284916,43704,5,0
2665554,21195,6,0
61899,18822,14,1
235640,13237,4,1
1884842,21137,12,1
3339305,13176,2,1
635003,30480,10,1
299877,42944,7,1
623237,47209,6,1
3323075,18471,4,1
1115493,4639,3,1
1329202,26459,7,1
109715,5785,6,1
2124331,22612,17,0
2533156,30843,7,0
738629,3098,13,0
756112,12075,2,1
276660,24830,6,1
383533,16965,11,1
1609208,13176,10,0
2423133,30326,13,1
2257870,15780,25,1
1822513,32211,3,1
2550832,19678,8,1
373108,36403,8,0
2404048,12980,25,1
662251,5791,8,0
1168683,18168,12,1
654872,4957,1,1
1306526,36313,20,1
778285,47209,3,1
2674919,26604,7,1
699493,35547,3,1
2488407,43631,10,0
755190,3696,5,0
2734140,36316,1,1
1223175,45709,1,0
2853866,31801,23,1
478667,41593,14,1
100000,22935,3,1
3074800,48679,12,1
1252980,35923,2,0
2728982,42307,18,0
1375389,34126,31,0
326238,8839,18,1
514550,13852,5,1
1644899,11712,7,0
1607123,26209,8,1
2187991,45948,1,0
3108467,47119,1,0
345580,21903,3,1
3295870,432,8,0
1125109,37646,17,1
3245169,39732,14,1
531867,6184,9,0
3213662,25195,11,1
1423072,7600,10,0
2980758,16185,17,0
2658264,48930,5,1
2247287,16797,8,1
1652839,8021,17,0
1940207,19057,4,1
1746835,43352,11,1
592291,21137,2,0
316678,33120,24,1
424271,26542,13,0
2679593,37065,7,1
110900,38768,31,1
2884870,44234,12,0
2957112,28881,13,0
2856912,30169,3,1
2161393,14371,1,1
1133619,42265,1,1
80119,37980,4,0
2388890,38789,14,1
868188,30495,13,0
2636425,13666,26,1
3116880,24852,1,1
3101426,46616,1,1
3350975,23375,12,1
404481,26665,25,0
1122335,24199,10,0
2030022,8424,16,1
713987,26209,5,0
1248961,31486,10,0
832855,31055,1,0
3035659,33129,7,1
534259,24852,1,1
1748626,10753,11,1
1137441,33464,9,0
343288,27845,1,1
888113,13877,2,1
889911,24964,2,0
1060743,14364,13,0
407721,4799,11,0
3376301,21187,21,0
1519638,35779,8,0
3286932,34969,4,0
2895671,41771,10,1
721905,15860,10,0
2282110,9000,6,1
834215,43961,11,0
1828939,22556,6,1
2330354,47626,18,0
381318,7503,12,1
1915214,34862,14,0
753459,20127,10,0
1796373,28842,13,0
969014,35653,1,1
2866877,47626,22,1
116773,35221,6,1
968545,24811,1,1
1651112,12779,10,1
2368887,39877,2,1
2061265,30639,5,1
3419634,5670,4,0
2596299,13423,17,0
1128736,16896,7,1
1534835,47439,4,1
89670,12206,18,0
2163248,39928,7,1
2194519,9515,19,0
1955031,13176,6,1
277452,28601,5,0
1267064,20282,10,0
3171510,30720,14,0
2091068,41400,4,1
2677061,15937,7,0
2451294,3469,16,0
2735969,21137,2,1
195274,47766,12,1
1585568,33176,11,0
1626185,33855,8,1
2602199,35870,15,0
2655915,5450,7,1
2107868,43086,15,0
418044,44397,7,0
813126,18523,12,1
472201,13779,10,0
1117468,17008,3,0
3059097,24378,36,0
2532285,44632,6,1
1122105,18956,9,0
3252437,9534,10,0
1958883,44661,1,0
1352413,23579,3,1
1780610,3090,5,0
2532597,8610,5,1
365348,24852,3,1
2855208,21903,19,1
728853,42585,10,1
3275368,21137,8,0
489535,40706,7,0
1682527,43463,4,0
1309686,4724,4,1
879056,23554,5,0
127417,12357,21,1
570680,48555,4,0
2840250,24373,1,1
232235,13176,6,0
2848708,22767,10,0
1985366,40229,5,0
2155522,23341,3,1
994097,2962,8,1
945216,24236,14,1
1686949,19734,11,1
3243551,49520,10,1
625688,24518,7,0
1287593,47144,5,1
1092586,40706,10,1
2226150,49284,16,0
3380156,1308,5,0
2105163,42265,5,0
1204704,47492,6,1
1270097,49346,4,0
1471595,28199,16,0
1304221,7480,2,1
1899318,8555,7,0
2301289,14462,24,0
522246,33116,17,1
3168688,16759,11,1
1734213,7171,19,0
1944506,19660,6,1
2125461,13643,8,1
3003527,7521,9,0
1004589,39275,4,0
2687847,25598,12,1
1560176,26201,7,0
2784642,20327,16,0
886042,47766,2,1
3411829,19057,5,1
474207,41787,7,1
1495611,25346,9,1
1915520,33000,3,1
2909129,33819,17,1
45399,35217,13,1
1294006,29487,15,1
1182500,34389,14,1
3128469,9387,5,1
608042,43772,7,1
482663,2573,9,1
2399763,10673,8,0
2934594,46842,3,0
1890906,5876,24,1
381318,39275,13,1
3025873,47766,6,1
3362606,36772,2,1
571192,24852,2,1
1930199,30450,25,1
340208,8968,15,1
2638183,26604,6,0
3100574,47766,12,1
1490826,7628,5,0
3361939,39275,13,1
2759030,47626,8,1
496757,39921,7,0
2798992,9839,6,1
980033,33647,7,0
2257487,43509,3,1
691818,14114,8,1
2660157,41290,4,1
3248261,38558,10,1
343514,31717,21,0
2242882,7026,8,1
98909,14209,7,1
1662735,42828,4,1
1372402,31266,4,1
1722557,2493,5,0
2661860,17159,10,0
2017046,35140,8,1
1349668,41220,10,1
43699,32175,2,1
3158174,14711,9,1
2087834,26369,9,1
801275,21333,25,1
3301026,47209,4,1
2694589,12341,5,0
1180743,19660,7,1
2381567,8424,4,1
2834422,6969,14,0
1196425,27966,4,1
2411192,44449,7,0
3302036,40490,16,1
838618,21553,12,1
3153772,33184,14,0
1354376,26209,3,1
253341,24852,7,1
410902,49236,18,0
53395,30720,20,1
3046812,37664,5,1
2906126,27626,16,0
1183823,46979,3,1
2728982,41665,5,1
1294839,40261,5,1
1996673,24852,1,1
2422380,47626,3,1
623279,11365,7,1
976282,4562,11,1
1379991,24489,26,1
2710530,35217,7,0
2488423,35951,5,1
2083491,45687,2,1
465780,38311,3,1
2374503,9534,4,0
1010629,46627,24,1
2255399,33569,2,1
3378210,33527,19,0
1101025,47099,8,0
2392415,33827,2,1
1530261,42828,13,1
454134,7806,10,0
2663076,46562,14,1
1646185,329,19,1
2681456,23288,5,1
2382339,33081,10,0
1954393,11136,11,1
969983,40332,11,1
1367252,9666,10,1
1426450,39430,8,0
3050256,47630,12,1
3022959,28842,1,1
130678,49235,3,1
1757000,22395,1,0
2257542,22395,3,1
915649,43279,15,1
1382732,19261,1,1
2218918,9405,16,1
435095,9387,1,1
271792,44987,10,0
1330701,24852,3,1
1329085,25240,2,0
427101,12745,3,1
2494990,30489,20,1
939737,31717,9,1
1303467,14233,1,1
2489128,24816,6,0
230792,389,10,0
99127,47144,5,0
1459178,42796,20,0
2181074,3298,1,1
1422640,21137,4,1
388563,39678,6,0
1692630,40469,13,0
2607561,19173,8,1
384940,45007,1,1
1568207,46979,9,1
1157471,8193,2,1
1707938,43961,7,1
1396003,24363,10,1
2458775,4776,5,1
808557,18557,7,0
2928340,11844,18,0
2775180,37317,2,1
126865,14280,5,0
2137555,10032,16,0
830030,45064,9,1
1474904,29418,9,1
1473385,24852,1,1
2782044,45854,22,0
548069,13944,1,1
2676640,12845,3,0
90927,10504,15,0
809596,12036,8,0
2053050,20600,3,1
3398997,12576,8,0
588807,5380,12,1
664871,12033,6,0
2553555,18352,18,0
3369810,27156,10,1
927139,21553,12,1
2289970,4210,5,1
2677576,1158,8,0
2226177,13176,9,1
1224975,5640,3,1
1672347,15902,5,0
3325240,18656,22,0
778346,43352,2,1
3060548,39699,13,0
2191946,44229,8,0
2505330,37303,2,0
796037,26348,1,1
472437,7121,9,0
1708926,26348,3,1
2152225,39216,23,1
248661,44142,14,1
3007227,46346,7,0
2910399,48697,4,1
1186861,5876,7,0
82924,48130,21,0
1625589,16611,9,0
1769203,196,2,1
808283,1039,11,0
2152798,45149,11,0
1591090,15872,9,0
1490598,26165,17,0
2145029,29380,20,1
2328425,25767,4,0
559560,28842,2,0
1641625,21573,4,1
312654,16797,12,1
2308081,47630,9,1
647462,34582,7,0
718003,43973,5,1
526111,42265,3,1
2374999,31040,17,1
2242615,38644,6,1
2799979,13718,7,1
3111728,45416,3,1
2874700,30391,6,1
1316364,25554,4,1
867546,25084,1,0
737010,13733,16,0
3228820,27241,6,1
1527531,26462,8,1
1257341,13984,14,1
3418033,37294,10,0
3305863,34126,11,0
1200282,41842,8,1
1577003,47865,1,1
3074471,35939,17,0
1056139,10492,12,0
476284,37055,23,0
2279293,9076,10,0
1686289,44661,7,1
1496690,47626,9,1
1349135,37335,5,1
2538837,26032,4,1
1212717,33897,12,0
3279042,26032,10,1
2269288,46541,24,1
1335442,40348,10,1
2452611,31113,1,1
3053739,11067,3,1
283650,24852,3,1
1897580,3798,3,1
2364233,47626,4,1
1895098,8424,8,0
2163504,28458,12,1
1853712,24184,7,1
1759279,7533,10,1
643033,23165,3,0
1686837,7715,8,1
838962,8518,22,0
2368349,42736,7,1
129042,11869,2,1
1910571,11758,7,0
530658,27104,7,0
2425526,7503,7,1
2801375,40852,8,1
176378,3382,12,0
1811975,8022,10,0
626240,13249,2,1
2898054,890,5,0
2506679,27344,1,1
1532964,3143,8,1
1588362,15404,4,0
1868652,44570,8,0
397472,27336,10,0
422129,13176,2,1
3252706,4671,13,0
943768,44914,4,0
1257268,42403,2,1
85713,40342,7,1
1426318,28985,6,1
2610040,46908,5,1
2256171,19145,6,1
631871,13176,3,0
875707,45177,5,0
800466,8518,23,1
2204297,49131,13,1
2355421,19508,10,1
459666,24852,8,1
810981,48736,8,1
868697,39108,5,0
424170,19051,12,1
1383522,14211,4,0
2234714,432,5,1
1591849,37646,13,1
237826,36696,13,1
2606226,14028,5,0
2425046,377,26,0
1440451,44683,1,1
854707,47626,12,1
942657,15902,2,1
1781514,45957,3,1
2359324,35628,13,1
2976646,24852,4,1
2345638,9387,11,1
3383405,46394,9,1
553008,27344,1,1
1899326,44359,4,0
231094,2078,17,1
844703,13304,5,0
3218271,7412,8,1
519991,24838,10,1
751608,42265,3,1
390893,44008,10,1
2045210,16523,2,1
3404083,12916,6,0
125636,5959,19,1
2080756,12647,6,0
572329,26604,6,1
1676983,21333,7,0
3052448,26842,15,1
2645908,31766,2,0
2129811,27086,2,1
1877099,42450,3,1
3063540,26209,9,1
1652613,1468,7,1
556180,30881,6,1
285594,23265,29,0
2001504,30597,3,0
695359,48437,5,1
2124472,38739,2,1
2730796,14947,1,1
1240776,13176,4,1
3134236,49610,6,1
2204172,12212,2,1
604146,5322,7,0
3117201,12427,4,1
857868,8021,3,1
2293358,8230,11,1
2725069,2480,8,1
900390,5670,10,1
343003,28842,15,1
1963823,33787,12,0
1024093,14861,3,0
2832395,38944,3,1
2677652,5052,6,0
840856,46650,4,1
2856796,21083,15,0
2777618,24852,1,1
2707513,35921,4,1
3276317,14194,2,1
626027,13829,25,1
1579413,10132,25,0
179033,44475,6,1
3123037,46990,10,0
3106745,48370,15,0
2232755,28371,5,0
7019,18234,8,0
424260,3583,3,1
1177441,36011,10,0
72728,39619,11,1
2403764,40354,4,1
2208652,5450,13,1
2141531,30489,1,1
341177,12772,8,1
1061062,8424,2,1
164965,3849,27,0
2510688,22920,14,0
1508235,46257,4,1
3281217,1545,7,1
1742072,13176,5,1
2198508,44568,16,0
1134949,10261,9,0
824146,12606,9,0
219616,25642,5,0
2078439,8006,3,1
3008490,4950,6,1
2053986,19048,20,0
2442158,14347,4,1
713539,17725,12,0
1248965,23470,6,1
3043441,8536,7,0
97550,31654,3,0
3129399,48226,1,0
241641,5876,1,0
1372281,15806,8,0
1682319,15872,3,0
994103,43279,4,1
3189398,43409,19,1
1909088,34604,20,0
855825,39581,10,0
1656097,21681,5,0
721532,19348,2,1
326578,14159,4,1
1996280,27662,10,0
1538806,23543,8,1
440505,34459,11,1
2713459,33129,6,1
411596,10603,15,0
2958457,34243,5,1
1534111,47226,24,0
1390061,581,8,1
262103,39928,28,0
1411489,6532,8,1
1840766,13176,1,1
2908052,46260,7,1
1868004,26209,10,0
992477,28476,5,1
3336181,45633,27,0
3277850,22046,8,1
1533437,21137,2,0
869884,33000,11,1
3083761,35951,6,1
3394294,22915,10,1
2968622,22308,4,1
454497,40396,10,1
2261747,35223,3,1
2065125,22935,4,1
574325,24668,28,1
2899160,29487,15,0
66683,49198,10,1
2348596,38273,3,1
1085069,24852,1,1
221666,10895,7,1
1774336,34126,9,1
1976346,6704,1,0
813036,24184,7,0
3127924,6274,16,0
3095306,500,2,0
1201062,47025,1,0
1309715,6448,7,0
2297837,46045,13,1
2803669,31481,6,1
1224652,20760,2,0
44275,12341,1,1
5117,27336,4,0
2193604,28297,4,0
2415915,5750,8,1
2360349,32648,11,0
2429911,1234,12,1
992605,2314,7,1
3373226,34584,1,1
2404531,23094,10,1
2293727,17461,1,1
2925714,26209,17,1
376145,5169,5,1
3175714,22825,1,1
1586149,34126,8,0
356927,24830,22,1
2935157,32566,4,0
3134149,42352,3,1
2418673,46886,30,0
1150322,8021,15,0
2926180,7021,3,0
670000,39928,16,1
674550,15424,3,1
2359875,18889,3,1
524693,31883,33,0
3366945,33439,2,1
2049389,12545,4,1
179060,33232,1,1
2107602,27966,5,1
3357352,3952,13,1
2198831,39812,18,1
2988525,14233,6,1
1257790,11777,8,1
3121691,27966,5,0
2900014,5259,5,1
2402716,21137,5,1
90089,11182,12,1
2826972,10310,11,0
1938561,19057,12,1
175770,20665,20,0
361271,24553,4,0
492452,48094,12,1
1645585,25931,7,1
927394,48900,15,0
701726,24035,9,1
2005654,31040,3,0
840777,20940,1,1
2463245,47626,5,1
686185,34448,11,1
1617273,24852,18,1
778075,4920,9,1
816281,31040,4,0
3302077,1757,15,1
1887632,21903,4,1
561328,659,1,1
1241981,27323,7,1
1905162,26209,13,1
2304315,27683,4,1
1810646,21653,15,1
662548,781,16,1
2901559,196,5,1
2110351,13431,5,0
1155233,27783,25,0
3151005,10460,6,1
1982247,35749,1,0
1770178,24082,9,0
1990047,10385,11,0
1870751,12341,6,1
767016,45774,23,0
904707,29993,12,1
2460693,30391,2,1
1621759,5646,5,1
821674,3599,3,0
2695699,6369,1,1
193067,21386,10,0
3191659,41055,24,0
425852,26816,27,0
786774,47099,5,0
2747790,44142,7,1
3311227,5063,6,1
1250634,36259,12,0
3198791,44303,7,0
1294144,24852,3,1
2462711,39693,3,0
6695,6184,19,1
1484882,8073,1,0
326804,36695,6,1
2753086,25146,6,1
285801,36070,5,1
253847,36639,13,0
759296,27521,11,1
2983128,38383,1,1
2640373,40451,15,1
2049467,29223,17,0
2852241,28986,39,0
1669500,2144,20,0
2134027,40706,5,1
2715857,43352,4,1
1120097,12481,3,1
2998768,8467,6,1
3084062,13176,5,1
2097462,18465,4,1
677842,22035,3,1
1632900,48366,30,0
2285387,3957,11,1
1660998,23085,5,1
1575888,49683,5,1
2954604,23646,34,1
1160676,19510,11,0
3093893,41950,11,1
862579,24964,1,1
2581369,39977,12,0
2800350,26604,6,1
998339,30391,11,1
2297363,33590,12,1
498178,15937,16,1
2144997,15510,6,1
781693,44359,7,1
24431,34126,18,1
665145,5876,26,0
926224,40804,18,1
619206,31759,1,1
1314772,36929,1,1
92437,3221,14,0
1802098,22867,1,1
2867605,31564,5,1
8005,890,10,1
1121267,38012,11,0
1051692,48527,17,1
1794119,7358,3,1
849865,3952,12,1
1180671,39984,8,1
2384765,28946,20,1
562284,11786,1,0
649969,24184,3,1
1474141,4799,8,1
3243260,19019,5,0
3129797,691,8,1
1564254,18523,6,1
2772866,6334,3,1
2415387,14444,3,1
1285668,39993,5,1
2315299,48679,9,1
345095,9327,27,1
1635730,15100,7,1
1809457,21137,3,1
2877663,26307,18,0
1531784,47766,2,1
1250038,5646,8,0
854326,4658,4,1
742579,8021,16,1
1297513,15003,8,0
150254,15290,3,1
1000578,43662,5,1
112598,30391,8,1
1741302,42265,8,0
490675,29987,6,1
1318325,7644,8,1
2032220,7646,12,1
2259435,6003,5,0
3388827,8763,22,0
411320,46802,17,1
2676917,34092,12,0
2349115,21955,7,0
942589,43295,13,1
1349828,45541,6,0
2515243,37220,11,1
659886,8061,6,0
1123354,29447,6,1
2473255,28465,5,1
3306822,28338,24,1
142722,9419,16,1
1604855,35267,4,1
99646,43961,11,1
3031938,22035,2,1
1517407,10603,1,0
94919,24852,7,0
2754638,31041,5,0
636197,12074,6,0
3135852,12409,1,0
3422,424,31,0
1528986,45535,7,0
723482,3376,12,1
1042292,43961,14,1
819520,19677,19,1
2239464,35669,6,0
2646909,38300,1,1
1216905,18656,4,0
1132402,27521,2,1
2044943,24852,1,1
1430532,19087,31,1
1695291,10108,8,0
3175113,25619,3,1
2175213,40604,1,1
2786951,1006,9,1
3223060,41099,5,0
1650657,5876,3,1
2489358,6177,5,0
631899,9725,2,0
2678779,16797,8,1
1646880,5120,1,1
1406601,20081,3,1
2820091,6348,9,1
117370,33990,4,1
1832762,12052,11,1
331054,16647,12,1
2761885,38996,7,1
661382,44538,7,0
2314203,1468,22,0
335104,43486,3,1
2120362,26790,4,1
2831994,1090,4,0
3258290,40723,19,0
1963891,8518,1,0
2017293,9808,7,1
2729947,30391,2,1
999926,8670,9,0
1628556,24964,4,1
1663192,19057,5,1
3409091,23323,7,1
1875786,13269,20,1
1790436,33294,1,1
484525,20738,15,0
3174633,37691,15,0
1759498,14461,5,0
2961478,33103,6,0
1348067,32235,13,1
1635367,3358,3,0
504018,3376,17,0
1876190,23879,11,0
1951395,33636,5,0
637547,27750,11,1
1857848,39921,1,0
2155337,47402,1,1
2755939,1033,3,0
1408964,22124,5,1
1602766,35561,1,0
1138137,8436,2,1
3405240,9290,10,1
1820314,26395,32,0
1612295,15153,7,1
1721202,38012,21,1
2152343,33545,7,1
227772,44614,23,0
535076,31305,10,1
2207468,45819,15,0
2115813,22474,5,1
724782,27307,3,1
58798,31040,1,0
2425056,24852,2,1
1187739,15643,2,0
858025,35921,2,1
1980144,10246,5,1
1129027,35951,11,1
2547680,19240,3,1
4711,47804,9,1
2539133,16772,1,1
150877,38579,1,0
705431,46667,14,0
2255413,13319,7,1
974610,20772,4,1
3386020,32843,4,1
1986228,41966,13,0
800504,34605,9,0
1541920,38729,3,0
1428194,47734,4,1
2739646,19348,10,0
615345,14678,2,0
3348823,43713,5,0
3192131,12324,3,0
24247,18389,6,1
2065716,25936,16,1
2787446,47759,11,1
579214,34126,15,1
75655,13380,18,1
1133823,31392,12,0
853636,35951,9,1
1969961,47626,30,1
1249730,22474,4,1
2789629,38274,8,1
1140392,13176,9,1
2231164,27845,1,1
775325,38383,4,1
2864955,12614,13,0
997007,21288,1,1
1556053,33043,7,0
1266132,42736,15,0
1743400,4210,13,1
197293,22695,7,1
2688341,9133,4,1
2457340,40604,3,0
2135642,12614,7,1
1825654,46654,4,1
2366095,43122,15,1
152836,5373,13,0
691718,19677,2,0
2849388,14462,11,1
2108400,3075,20,0
2146499,48440,8,1
2698994,13707,6,1
2705162,10193,17,0
3077673,20767,6,0
1272950,4294,9,1
1633860,28999,2,0
1815193,13848,7,1
2907576,11091,16,0
1968562,34217,3,0
1488176,47669,3,1
1527572,3397,1,0
2665368,43463,1,0
1243914,11683,9,0
1324799,48192,5,0
2740701,10558,2,1
873200,39275,1,1
1683367,43352,1,1
2724873,24852,6,1
2890636,41844,6,0
3213889,32433,6,0
1806337,9339,12,0
594120,8088,8,0
3331991,24852,2,0
3074800,21938,1,1
1536712,8732,18,1
2657858,13517,7,0
344384,28726,7,0
2088197,38928,1,0
1782628,44795,6,0
1222272,20316,11,0
1891688,12312,9,0
934028,43154,1,1
838549,10897,5,1
3369402,34584,5,1
2255700,27966,10,0
3341838,45007,4,1
2712770,29256,1,1
940191,23909,4,1
601159,48745,2,0
58466,47766,2,1
2790961,46969,1,1
89655,13176,5,1
1301401,44533,5,1
1654551,10096,19,0
265952,21938,17,1
2741228,16618,35,1
23733,30450,3,1
1933822,1463,3,1
1456421,21616,10,1
1955128,40017,29,0
741428,4983,11,0
2376264,41950,3,0
2741801,7088,5,0
1067029,22035,20,0
1214349,37825,9,0
109340,611,8,1
3116367,1752,4,0
139158,13382,7,1
991824,39374,15,0
2976434,32752,10,0
747280,42265,4,0
835244,38739,2,1
1896605,47229,1,1
2140805,48071,13,0
3373611,49060,2,1
1999894,33787,4,1
728892,47248,32,0
1635430,47586,12,1
1581655,39275,19,1
977112,7948,6,0
3346765,43889,6,1
683815,15538,33,1
411276,41787,14,1
2433741,21903,20,1
476155,3431,6,1
3396457,45004,1,0
1184071,10343,18,1
3206790,16797,16,1
3316776,33401,24,0
477363,14783,6,0
851990,21626,20,0
2178635,7247,5,1
2244726,13176,6,1
2038616,39657,1,1
1784860,47209,1,1
583653,42345,4,1
1285166,3884,4,1
2108518,24179,9,0
403293,39483,2,0
2740974,41290,11,1
1068289,39692,9,0
532902,6245,3,1
140593,13176,3,1
1487394,29662,13,0
2706664,20082,1,1
1917861,39928,4,1
2566437,13740,9,1
2444913,38189,4,1
2883177,46473,4,0
1899799,45066,7,1
1652552,23909,1,1
692426,6656,4,1
1352330,42736,4,1
1436958,30391,1,1
2146954,42342,4,1
6357,37524,1,0
2727428,27845,2,1
1346472,18987,24,1
2894250,48679,19,0
1780271,21903,9,1
3308645,46969,5,1
1410898,5450,6,1
2063988,13732,2,0
3304789,14947,17,1
1528681,26252,7,0
1242331,5646,9,1
521642,47248,6,1
3167813,12622,5,1
1719692,7746,23,0
3400704,20561,15,1
1980588,7781,3,0
2746445,37766,3,1
995001,49683,3,1
2191793,24184,26,0
1514879,8518,5,0
1622340,13629,17,0
1715633,41242,3,1
3371551,2350,7,0
1486482,14168,9,0
285589,32864,14,0
2538136,8758,14,1
928863,8025,21,0
1099732,8204,6,0
3404907,13176,4,1
2387205,21903,6,1
1919798,24955,2,1
1249629,33353,6,0
1734240,7021,12,1
768591,6291,2,0
1638720,42701,6,0
2380993,49235,6,0
1469828,34584,5,0
914989,13852,9,0
1891062,210,10,1
2333011,8153,3,0
2166131,25659,12,0
1062797,36149,4,0
3259124,48626,14,0
3031747,45007,13,0
3186256,39799,9,0
2513408,4778,3,1
1755929,25380,5,1
1296131,8518,11,1
3183558,42451,1,1
2001987,19005,3,0
937615,25805,10,0
1512910,36472,18,0
1067092,39275,9,1
764640,24307,13,0
1350628,43352,17,1
2193990,24024,8,1
132866,28204,2,1
181162,21938,23,1
952380,13263,1,1
1164190,432,1,1
2976931,49683,1,1
1026250,5047,9,0
53202,2943,5,1
2988837,22935,13,1
441262,34126,8,1
1781058,30756,5,1
1959936,34126,16,0
1593205,43280,5,0
1218874,23909,3,1
2121648,5750,4,0
3297968,4054,19,0
344517,34582,9,0
183815,26165,1,1
3273924,31730,6,1
341776,42265,1,1
206922,13147,11,1
940977,47209,4,1
1229783,10498,4,1
2951597,5652,3,1
1041641,34565,11,1
2710138,8929,7,1
299125,41335,4,1
223748,37646,19,1
1988365,7877,8,0
2756815,45322,9,1
1565370,26842,4,0
1715109,44683,6,1
1014147,4945,6,1
2492798,21903,29,1
2412531,39561,19,1
1031756,2099,24,1
943915,46979,12,0
2929694,15424,3,0
1708349,30489,7,1
2184526,35951,11,0
937281,18465,1,0
2923172,44422,7,1
3399680,13176,2,1
2371342,1940,10,1
2507801,16469,8,0
931126,24838,1,1
1719100,26559,4,1
2631852,14218,2,0
1395872,19863,5,0
3339787,26604,5,0
2318109,27086,1,0
906163,7622,14,1
1935623,13116,10,0
1838905,28842,4,1
2414484,4377,15,1
1917765,5067,8,0
2704226,2763,2,0
1659887,26115,4,1
652506,42241,1,1
120400,432,4,0
1161567,38730,14,1
3175414,21137,3,1
1383955,37567,33,0
1566054,24184,6,0
3177936,38768,6,1
2524807,2447,3,1
735501,31848,7,0
1869518,5586,8,0
3314390,42265,5,0
1268702,12206,3,1
1396755,17798,22,0
1859783,34050,11,1
584596,19057,2,1
239561,38456,24,0
2446313,24852,1,1
2044885,21616,20,1
2380999,26604,8,1
3076567,32156,10,0
705338,5479,25,1
2373407,17715,4,1
1630634,44683,14,1
2570058,45190,1,1
1918597,8424,21,0
2192089,38557,5,0
1822881,1845,5,0
3380614,6046,9,0
1459347,21137,6,1
3130165,2915,10,1
1891766,40706,3,1
68923,13740,26,1
504235,44019,5,1
3263552,47854,5,1
1445315,47792,6,0
3161768,17788,1,0
2631175,47626,3,0
2793795,20570,18,1
2692535,26911,1,1
1707110,34969,9,1
670541,26604,7,1
3265974,38777,8,1
3412272,45066,6,1
813551,890,6,0
2747790,41544,17,0
1660546,13176,12,1
2175237,10306,20,0
1694924,27616,36,0
3030734,32437,14,0
2844120,39581,4,1
1134924,5857,10,1
1517644,16837,21,0
1091897,38689,2,1
55441,45422,8,0
1424689,47008,1,1
3266306,44514,4,1
2198116,7781,4,0
2050560,21903,29,1
1489446,6184,2,1
644625,24261,4,1
641701,24852,1,1
1748604,41950,6,0
496346,24632,14,0
2604420,29662,15,1
351976,48679,5,0
1971243,41406,2,0
2278803,22333,9,1
601159,28985,1,1
1876333,47611,2,1
2524439,6187,12,1
1181589,6104,21,0
2970177,28299,12,0
417779,46041,2,1
2772625,12206,13,0
64443,31964,17,1
1103829,33846,14,1
1337076,23763,1,1
3224620,39928,2,1
1925489,23554,1,0
1030774,30963,15,0
723866,22035,31,1
1774643,47626,3,1
844493,24852,3,1
3217566,49533,17,1
754290,1503,7,0
28021,7969,17,0
1946810,17316,6,1
831197,47209,14,1
613704,12254,27,1
613612,34012,3,1
3386681,31215,4,0
3288051,8174,6,1
1230442,42085,19,0
163937,39054,18,0
1609519,47209,6,1
777179,8193,5,1
861259,21793,8,0
1397413,14678,6,1
121962,14283,7,1
3213638,24852,2,1
2851727,47144,9,1
1422691,47941,5,1
2383529,32950,3,0
2555888,8580,15,1
2216837,16644,3,1
553100,9387,9,1
1082244,27845,18,0
3051429,35628,2,1
79662,6104,1,1
139433,33120,5,1
668576,32691,3,1
1729822,38313,12,0
2221252,42265,10,0
667529,32429,5,1
559194,41844,44,0
3271790,35946,24,1
1365986,17566,20,0
1641188,31683,3,1
2530364,24186,16,1
208084,25890,8,1
21572,23543,3,1
3039209,13014,3,1
125099,42736,2,0
2953743,2722,4,0
564043,38739,22,0
3002567,42633,4,1
1091222,1688,10,1
1548722,45007,2,0
129157,30391,11,1
641915,25947,4,0
1182479,16768,1,1
2079304,44643,2,0
581401,33894,16,1
2819324,21553,39,0
703589,22963,1,0
504494,19938,13,0
1886644,49355,9,1
2112048,8514,2,0
1008927,16797,5,1
2945097,44548,5,0
2290882,19261,4,1
683831,28985,5,1
3304510,20114,16,0
1868340,22888,7,0
2491530,29553,11,0
1569495,39657,2,1
571524,28842,6,0
1940806,27086,5,1
1137174,27086,11,1
614053,21417,1,0
374212,32650,8,1
757468,5025,3,1
2231363,17224,4,1
334399,35363,17,0
2703550,45123,10,1
182916,12039,6,1
3317587,28467,7,1
1308194,13176,4,1
531886,21137,6,1
2578612,29127,13,0
7049,40706,2,1
547126,5876,10,1
139328,24852,1,1
3180613,9210,5,1
3056114,33401,4,1
1130783,49075,12,1
1832870,21137,2,1
403101,28162,5,0
1119519,25075,7,0
278491,30406,6,0
1206144,3400,12,1
270367,45066,4,1
518916,34137,6,1
1520366,15529,3,0
2214466,28994,18,1
112291,14636,1,1
128697,24852,4,1
1332676,42265,8,1
2566005,46802,4,1
1076375,5134,18,1
1650161,9387,6,0
187731,196,1,1
193712,24799,1,1
1426318,47119,28,0
2014805,46979,7,1
2361385,34126,7,1
3324692,22888,7,1
1603102,3337,7,0
2082012,41458,6,0
2795992,42828,3,1
959283,4086,8,0
2385551,42356,4,0
1135227,38226,10,1
2222804,11790,7,1
1512238,44331,12,1
173896,21938,15,1
2647163,48679,4,1
2876789,21704,6,1
1048505,49044,8,0
2432161,28465,5,1
120599,48679,7,1
3198252,16185,14,1
587150,16759,3,1
1630213,43352,3,1
33164,17789,9,1
464692,20377,17,0
867725,5636,10,1
2357628,32478,5,1
1418708,48746,11,0
1359954,19678,2,1
3086107,33719,13,0
2783312,31391,3,1
1873721,13712,16,0
494891,45007,1,1
1892229,168,6,0
1356072,32902,17,0
2082798,4796,10,0
3091259,20460,14,0
909580,19478,13,0
3358664,32734,5,1
1845758,45445,5,0
2886053,43789,5,0
453953,16856,7,0
3025970,47626,4,0
1820472,33731,9,0
1083238,47766,12,1
1551349,1090,24,0
278164,29599,14,1
1642626,44234,2,0
2212862,7681,2,1
1558856,45488,8,1
1169406,21709,1,1
1861303,47766,4,1
2992044,38087,9,1
305890,26090,3,1
2431514,30827,10,1
1881850,18205,21,0
1205522,19366,12,0
1807468,13176,2,1
543073,21137,8,0
1792250,23537,11,0
1150409,41220,5,0
2496734,14462,21,0
3201167,5876,29,1
728374,3808,5,0
46923,21137,2,1
3258445,32911,3,1
1423222,37250,5,1
612556,25985,6,0
1780247,47209,23,0
50842,116,11,1
3022008,19508,7,0
1149939,7140,6,0
1805172,44843,11,1
1279171,20777,4,0
1423447,14267,1,1
1750316,1377,11,0
1346332,27744,17,0
1930392,25985,12,0
3353089,43749,1,0
1702115,33370,3,1
1640880,21709,4,0
2570861,31915,1,1
1388350,46602,11,0
2008991,30489,5,1
1413093,35628,2,0
216629,17976,1,1
1590198,45930,14,1
1872109,12290,1,0
1370732,10749,12,1
2956550,47766,6,1
2132112,389,6,0
1764224,37645,4,0
2750754,41276,3,0
777496,21333,23,0
2195034,20842,24,0
2743905,43136,5,0
1196908,7877,29,1
519369,46562,24,0
2817692,22234,5,1
2860146,1747,5,1
83464,36316,7,1
2959404,1511,3,1
1004115,22474,19,0
2044099,1069,4,0
1966022,17706,8,0
1874542,28427,2,1
3079001,1090,4,0
3099048,38300,4,0
581931,46616,3,0
1033902,32000,15,1
655480,40233,20,1
2052343,47005,32,1
1230760,7948,6,0
2451074,40283,4,1
997139,27147,1,1
2060435,5006,3,0
3009121,38288,4,0
2877812,33783,21,0
1378211,29270,10,0
3045255,47755,13,1
659355,37110,1,0
1520144,13176,1,1
2165427,31985,1,1
1100907,27090,1,0
461212,38322,4,0
1019715,21709,4,1
899223,22548,17,0
2597058,30489,9,1
1972560,28785,30,1
3151631,43619,1,1
674930,30720,30,0
1833705,23165,4,0
2909064,39275,8,1
1427689,39812,9,0
2654925,37646,8,0
1275892,5337,6,0
2350565,30111,1,0
2794349,14408,7,1
3400854,5428,2,1
2628592,38557,16,1
1106975,6615,10,0
3357352,5127,16,0
1577608,47990,3,1
1939439,38817,1,1
2998182,5991,9,1
172602,39561,18,0
1017184,13385,5,0
749214,17615,3,1
827482,24852,1,1
187438,23986,15,1
2751682,49247,4,1
3352310,31990,3,1
1475420,26032,11,1
113547,2536,5,0
2852097,13030,7,1
2376172,4137,1,0
1218763,10212,3,0
2516470,44116,20,1
470486,41950,8,1
968432,226,10,0
2390746,16797,3,1
3205952,26209,11,1
2095687,15937,5,1
406149,30227,9,1
3367663,28441,34,0
2898385,9387,8,1
2908150,24852,15,1
2660988,10017,1,1
1266626,39275,4,0
3063032,22556,6,1
1651112,334,2,0
1695308,6583,2,1
543717,13176,14,1
712314,48705,12,1
2956550,26201,14,0
2127064,11629,19,0
958485,15424,7,1
2980196,3075,2,0
1590130,14147,5,1
1566608,36020,7,1
2646154,27156,8,1
3323708,33768,11,0
2089491,21903,10,0
1147333,33754,7,0
346585,9076,18,1
2725594,8467,21,0
894112,10473,1,0
410902,7963,38,1
802264,13176,1,1
813819,10960,6,0
2096474,49175,16,1
1115829,6182,4,0
1571263,6184,2,0
1294276,23362,1,1
2098068,16616,5,0
596559,22935,6,0
2339668,1176,4,1
1543450,8153,5,1
581028,22614,11,0
3029561,37890,8,1
1968527,18023,3,1
2613862,42659,1,0
173747,32641,5,1
336414,7179,21,0
72728,9366,8,1
3044771,13782,13,0
402508,17600,13,1
343852,8424,18,1
1377376,6532,5,1
1172537,18370,4,1
362709,36082,16,0
758206,29615,5,1
14538,39275,3,1
3099306,25824,3,1
1696095,37710,2,1
2970428,20524,2,0
1433873,26209,14,1
1652850,21543,6,0
2268463,2971,8,0
982620,33343,2,1
119921,8204,4,0
3397696,15950,3,1
2692189,40311,17,0
1143065,10351,3,1
1303974,14992,2,1
67820,43565,1,0
2331756,40136,2,0
851121,7969,1,1
2818700,1736,1,0
498348,8873,5,1
1868817,32177,14,0
2358995,21614,1,0
2766786,49608,2,1
1091464,39041,19,1
1868595,9598,12,1
1696632,40377,12,0
2796710,47626,9,1
2550436,24852,2,1
1368927,45123,12,0
2769716,5646,7,1
597559,20995,2,0
1322339,352,16,1
896858,39431,23,1
1493172,21376,4,1
314046,35921,1,1
1552580,16823,6,0
2564616,42508,3,1
2542164,21137,2,1
1825633,46941,2,1
1288137,24184,17,1
927428,15424,12,1
637222,2658,4,0
1025204,9755,23,0
562995,49075,5,1
2597151,24535,7,1
2537796,27767,7,1
943431,13093,2,0
463633,4605,9,1
1067571,13176,16,1
1706500,33120,5,0
2981065,35121,2,1
296227,29908,2,1
22800,46347,1,0
1014843,45747,27,1
571301,15100,20,0
637228,28849,4,1
1543450,41544,9,0
2710392,41950,9,0
2613706,41338,8,0
3329712,49484,7,0
1200568,18234,4,1
961754,38033,3,1
1301882,28373,3,1
2930381,24184,7,0
322603,21769,9,0
3305941,13176,2,1
3263116,10108,3,0
732359,27850,5,1
2915372,29487,20,0
1825446,37646,7,1
2659853,31717,3,1
2749117,12324,6,1
3277857,30752,1,1
1731270,11286,23,1
2460310,22825,6,1
2666304,24964,14,1
2788490,14858,4,1
1050355,45948,5,1
2459810,18598,8,0
435893,42153,2,1
2463314,45007,7,1
1110005,31717,20,1
1598511,32303,8,0
2008779,1958,11,0
3197777,34424,24,0
2060389,49383,12,0
990315,19178,9,0
1002886,32369,4,0
1447134,5876,5,1
610113,42633,2,1
1762658,25861,2,1
2355191,41787,28,1
2851593,21903,17,1
728374,25706,2,1
2691538,4297,9,1
2618908,38248,6,0
1897858,48679,10,1
2529292,46667,20,1
1649225,13176,2,1
2073692,40821,8,0
2610084,8214,9,1
875672,34981,23,0
2134181,4793,1,1
1518310,36117,12,1
2935657,49086,8,1
3353018,45447,14,0
247929,9850,2,0
919934,10912,23,1
658376,21137,15,0
250162,19836,16,0
130601,24253,3,1
549154,23157,27,1
1530246,49054,5,1
2010644,19048,9,0
1077115,49628,8,1
688329,4357,44,1
896435,21903,4,1
727877,8536,7,1
2769922,39958,16,1
299477,39408,4,1
1572803,2408,5,0
980171,421,2,0
376088,47766,6,1
2590769,24852,7,1
2589103,11513,1,1
1075814,48762,2,1
3286610,38672,11,0
1714191,35221,7,1
721298,32734,17,0
1920684,26915,8,1
692769,22935,18,1
3262344,16973,19,1
3262334,49175,4,0
2326663,35951,1,0
2336018,44142,11,1
2943854,21903,25,0
2526960,44479,22,0
2747734,43409,18,0
2360286,42562,6,0
128488,11576,5,1
2037773,21137,9,1
3306656,33768,14,1
109517,7898,5,1
1578527,5038,2,1
2536832,48679,7,1
2814466,27966,17,0
265709,34197,13,0
1412818,9477,10,1
409859,20842,11,1
827193,33956,23,1
1535465,2716,7,1
3169809,37158,5,1
401893,8571,1,0
1636701,25513,9,1
1928207,35072,15,1
427983,5450,4,1
588686,25340,17,1
727910,32433,5,1
700497,43352,15,1
3149755,34034,26,0
2940146,3283,6,1
3016526,21137,12,1
2444810,35221,13,1
1028117,41757,1,1
2321445,11488,7,1
1129169,27845,7,1
2793449,31886,18,1
2819324,36206,16,0
2773046,32747,4,1
2312787,13712,13,1
434090,21195,8,0
221739,27761,4,0
496689,29034,2,1
1924382,24852,2,1
2884541,23233,1,1
1601126,36533,33,1
3223868,2855,19,1
2340096,35070,3,1
268245,11452,24,1
2401448,19660,1,1
2876571,35004,2,0
1901562,45210,6,1
2376686,19006,31,0
1988766,35898,21,0
2937291,48679,5,0
946219,41830,5,0
1949467,24838,3,1
192329,12679,8,1
477966,43136,7,0
2577312,37687,10,1
1923727,16974,2,1
1942249,21903,18,1
497832,11925,2,1
1239171,26914,1,1
2060803,18677,1,1
2347058,29307,7,0
2560931,27966,3,1
2604159,24852,2,1
1659639,9871,5,1
2151235,42929,10,0
57296,21573,9,0
2509721,5491,5,0
246768,5456,7,0
3034011,16797,9,1
2479882,26604,18,1
2514604,47766,4,1
2076462,32813,15,0
912628,44142,4,0
2848254,12357,17,1
690189,17783,3,0
2481013,15100,14,1
251097,21938,6,0
652904,9409,4,1
859395,20754,4,1
172923,39275,6,0
2507338,2890,6,0
1121318,13176,1,1
2151303,6873,27,1
251773,9210,6,1
464206,37508,12,0
887870,31214,11,0
1446202,13176,1,1
2675170,37067,9,0
961026,41220,1,1
3160942,47626,10,0
521634,23183,5,1
3039818,13176,4,1
3016564,30891,13,0
2899642,1409,8,0
1072049,18963,3,1
572878,32398,7,1
1743093,22474,8,1
1448985,12149,1,1
2337879,22963,10,1
2608957,45,14,0
1635183,34067,11,0
3025873,16665,42,0
272174,21903,10,1
1841082,10747,13,1
1989223,24964,13,1
787746,8615,10,1
2008371,7500,6,0
1291651,7641,7,1
402051,5488,3,1
2558437,17122,2,1
1360052,14652,4,1
1720300,29447,8,1
2299488,12206,7,0
933752,30391,6,0
3091346,39228,4,0
2803803,17615,26,0
1360018,4605,15,1
899739,27966,19,1
2784233,5451,5,1
2173107,20580,4,1
684054,38273,4,1
71730,27966,4,1
372846,19228,14,1
2392407,42768,16,1
3117922,2593,35,0
3234988,24852,19,0
3361145,46313,6,1
745769,24852,1,0
2715144,46900,3,1
3111751,3856,17,0
3309696,10849,7,0
1566979,37067,2,1
2391411,22105,8,0
1787228,28289,5,1
3157693,4162,10,1
818457,33065,2,1
3028599,37978,12,1
2390223,14872,1,0
1303024,47766,2,1
271428,6336,5,1
2883900,17828,9,0
636080,43693,7,1
3139873,4920,3,1
2529407,44628,18,0
247647,3752,8,1
496658,13517,5,1
3404153,5819,6,1
2902346,33401,1,0
250031,47626,2,0
2118628,43789,7,1
2195047,37687,1,0
2592977,47209,6,1
1993469,46562,2,1
926786,34660,2,0
3290861,44359,6,1
166644,25093,7,1
1380239,34448,5,0
1241570,432,1,0
1187671,41149,3,0
2349032,7388,11,1
1369367,2391,1,1
2375492,343,9,0
3162626,32429,13,0
360266,19508,2,1
2731966,44632,6,1
635061,49520,7,1
2669724,23909,2,1
1769203,37752,1,1
153007,34321,7,1
190964,5250,2,1
3117434,33120,10,0
830031,45404,5,1
2371784,21709,3,1
281949,23385,22,1
3208492,5818,3,1
219437,25893,8,0
281397,2519,9,1
2843372,18465,8,0
1931683,24838,2,1
2492576,32740,9,1
2010644,3682,8,1
2986509,27323,5,1
1502209,30450,1,1
3156699,24852,12,1
245665,5794,6,1
3110410,30186,13,0
3072739,2855,19,0
2247232,29734,13,1
676649,15790,2,0
1812178,21903,13,1
93138,31506,22,1
253124,42240,4,0
283556,11000,8,1
917571,20738,4,0
3140193,22035,15,0
1246824,39762,12,0
450598,29503,1,1
525499,12341,4,0
823320,42342,12,1
2552685,26604,1,1
2349884,22849,18,0
827189,15349,18,0
514234,33731,6,1
275670,43129,18,0
66951,20034,10,0
1532411,1871,2,0
2516478,19057,5,1
271457,48364,10,0
3190134,30720,2,1
907714,4793,6,1
568166,45066,4,0
2696070,12206,1,1
3345918,21709,17,0
2556765,5450,9,1
12743,25466,4,1
528799,36127,1,1
2125993,38159,31,1
913263,26165,6,0
3065151,47057,1,1
3277558,30583,5,0
1694090,6069,8,1
2332904,43565,4,0
662635,23594,21,1
1789602,36695,16,1
959316,26040,27,0
2228306,26790,7,0
1847132,8203,4,0
2955295,21288,3,1
3300846,30391,31,0
1605458,47626,6,1
2582342,24600,2,0
7916,12011,3,1
1325304,20114,9,0
1312910,6187,2,0
3204037,5077,15,0
734395,4673,6,1
1326202,32707,12,1
1156256,38609,5,0
1674782,6972,3,0
296039,22556,1,0
3057947,23233,20,1
179165,23311,9,0
3025396,13998,2,0
1735248,33716,9,1
1881156,48110,9,0
375630,19057,5,1
1443459,9952,20,1
293875,432,11,1
3071046,44910,9,0
453907,34841,17,0
3040525,24852,1,1
704485,5684,6,0
2964491,27344,14,1
42008,26242,2,0
2517277,15860,14,0
864768,41665,2,1
2408679,16797,5,1
153136,25659,2,1
1084077,46906,18,0
2348475,23953,9,0
1041039,41375,3,1
949635,45,5,1
1864085,38456,5,1
2482991,8277,2,1
633940,42445,5,1
2948654,35440,6,1
2016107,7227,3,1
346295,18502,20,0
2817712,14901,12,1
1612459,4586,21,1
884941,48364,5,0
804392,37496,3,0
2858259,16797,14,1
1389166,37646,2,1
2585861,16560,6,1
3334980,16882,20,0
3253474,18618,2,1
3232231,16759,10,1
621183,32316,2,1
1222846,22825,51,0
800987,48697,37,1
2041354,24852,2,1
2327262,26648,5,0
2762132,11136,9,0
1828710,11408,15,1
1957716,38453,4,1
1835414,17418,5,1
3200138,3765,1,0
1262803,39877,26,0
1890526,47324,31,1
112768,34969,6,1
2696681,19002,15,1
2949190,47766,14,1
1591755,43394,3,1
169282,23165,13,0
2921199,22559,20,0
2566109,47223,30,1
927600,21903,9,1
1804925,9557,3,1
1820107,28204,7,1
304649,39812,8,0
1513274,30720,4,1
2232048,40156,13,1
3018569,11046,11,1
737921,10241,5,0
239592,30489,5,1
1409194,18428,6,1
171348,30639,5,0
1575040,39619,5,1
613334,3593,16,0
1460424,21903,3,0
848848,29864,4,1
1608409,14488,10,0
2452457,21800,11,0
533962,13176,3,1
1349874,49381,3,1
704508,34862,16,1
3023203,1700,19,1
3381984,37919,16,0
3054756,41610,3,0
573516,22654,4,1
516780,36086,10,0
2160926,24852,1,1
1038249,45946,3,1
1700712,43961,12,1
3389913,30482,1,1
3245330,15969,5,1
636369,34487,16,1
2847894,24852,4,1
2629170,3976,5,1
1142613,24952,1,1
573127,21903,5,1
1089432,23360,9,1
2111036,44375,9,1
736011,16953,1,1
579499,25544,8,1
183856,9076,7,1
2170537,28688,9,1
2092100,10863,2,1
840556,40706,2,1
728252,40268,3,1
31600,21779,3,0
2920381,38288,17,1
1607746,38374,17,0
1009640,5681,11,1
3282887,39781,4,1
1862761,35828,1,1
5950,40897,1,0
3044591,7156,13,1
1051692,9107,7,1
215533,46979,10,0
812040,25466,2,1
3237596,24954,2,1
3404889,28601,5,1
3073390,39619,12,1
1611480,37718,12,1
593213,28934,7,0
2019382,5785,2,1
1048543,7781,5,1
3270831,26040,4,1
1891688,17795,5,0
1733670,38192,3,0
1700588,9213,1,0
2000638,45106,1,1
2197627,4472,23,0
37344,31717,18,1
2361730,32467,5,0
928109,15608,20,0
33145,10831,8,1
783434,32043,8,0
800987,28985,15,0
919767,24852,1,0
3354051,8006,7,1
2706357,27845,3,1
3347628,47333,9,0
2377473,21850,5,1
658815,45599,2,0
2884404,34244,1,1
561532,8153,10,1
397172,47526,2,0
542437,38159,14,0
3015740,29650,15,1
339871,31915,13,1
1596448,23342,14,0
1767154,38404,28,0
1441398,16797,3,1
2479369,1408,3,1
430678,19048,16,1
1081514,5334,14,0
850054,3539,9,1
2424635,44406,5,1
2194309,8424,12,0
2750960,11777,16,1
173922,14627,5,0
5356,35561,4,0
2772309,37825,21,1
1112006,37710,11,1
1159922,29363,7,1
2109187,35909,21,1
797091,7963,7,1
1618069,17882,9,0
513246,12250,12,1
1676905,16696,9,0
1269882,20955,24,0
1070659,45527,2,1
945181,25152,2,0
2772145,28413,1,1
862422,27925,41,1
546981,21137,2,1
432626,28264,1,1
486037,31766,4,1
2704041,9076,31,1
2975737,44359,37,0
347773,39877,5,1
2569646,47209,2,0
2378772,8638,4,0
3286835,47626,5,1
2118881,14508,1,0
201689,18027,7,0
692218,40055,1,1
478249,22035,16,1
493190,17830,16,1
1713447,47526,16,0
3012143,26648,9,1
2289252,42265,4,0
2320183,32299,6,1
3331282,3712,1,0
2480815,25466,3,1
356020,13575,2,0
2373531,39108,12,0
2120491,9953,29,1
1020042,43070,2,1
376172,45535,11,1
1055847,31717,32,0
1036235,24852,3,1
239974,8518,2,1
2207932,44410,29,0
622760,16616,12,1
1940367,41767,23,1
1171001,4163,15,0
587344,28204,2,1
1839902,26209,6,1
1311758,21077,11,0
2535295,29307,2,1
2642606,45437,44,0
1619543,47209,12,1
30974,836,33,1
257735,23986,13,0
2343392,43255,2,0
3208186,28928,13,1
1173395,38313,15,1
2524360,17872,6,0
1150157,24184,4,0
3229717,14486,13,1
1058852,39911,5,0
2976433,14421,13,1
1294643,16823,2,1
2847071,17758,3,1
2985638,5451,1,0
2655601,34969,7,1
59161,4920,10,0
160429,32691,1,1
965415,3776,13,1
830097,23734,22,0
2979867,7274,7,1
1826199,24852,26,1
2514932,38383,7,0
1908115,25965,3,1
2899178,24186,8,1
2124055,43662,4,0
2606705,8061,2,1
2932843,35749,12,1
1883136,46817,5,1
2433915,44056,14,1
1234361,21137,9,1
857816,41290,7,1
1826160,30391,7,1
1937997,14673,1,0
2701605,17769,1,0
3390576,6274,2,1
1775983,38693,4,0
2153304,4920,6,0
280856,21830,22,1
601449,21903,3,1
1527335,21392,3,1
2620187,47672,7,1
72519,47823,3,1
2043142,26715,28,0
884742,44359,3,0
2170001,4421,5,1
1322202,15950,13,0
1436563,19019,8,1
2838396,1140,8,1
737719,9839,8,1
1126189,44014,3,0
825092,26700,23,0
1108111,18881,14,1
2622931,26317,19,1
419585,47141,2,0
3061479,18725,3,0
2554263,12450,16,0
2055549,24964,2,0
1411723,16570,6,1
916443,9422,3,0
2591641,36735,4,1
3002092,3330,16,1
442014,40709,16,0
2356597,13425,26,1
2292397,37442,7,0
303923,6046,8,0
677825,7929,3,0
2093630,20316,38,0
1741549,8912,25,1
1982701,31612,7,0
1404370,28045,1,0
1077427,5025,15,1
637812,27696,10,0
1625981,21781,4,1
2920066,23644,2,1
1379296,32265,7,0
148617,18963,6,0
2569637,21955,23,1
1864787,8204,23,1
544314,7503,2,0
1668158,6210,15,1
2313690,49075,10,1
1903572,8670,19,1
3031849,48007,4,1
2252732,43262,5,0
992938,18404,4,1
1024562,5450,9,1
959410,27509,13,0
1170022,8680,29,0
1282597,5450,10,1
2234034,17316,3,1
839834,21162,6,1
2533857,13176,1,1
3257253,5818,2,0
1964718,47759,15,0
2981244,39099,3,1
382622,36316,1,1
1073038,46667,2,1
2537703,3856,4,1
1370679,8174,6,0
3011630,33198,1,1
373247,15613,4,1
738477,24852,1,1
2376822,27695,12,0
668126,17224,14,1
1359716,44359,5,1
1216049,16797,20,1
2216911,20382,8,0
478667,4605,17,0
2682845,2183,25,1
1215921,13782,2,0
2234268,37464,9,1
3342465,24852,8,1
608474,26177,17,0
2313506,30489,2,0
26560,26165,1,1
2371442,42265,22,0
1451046,33354,6,1
1900581,37220,9,0
1681468,18352,7,1
3178818,28309,5,1
3189973,16747,3,1
2771415,37098,27,0
30756,42592,12,0
2187621,37101,13,1
2621599,47119,10,1
978957,12771,7,0
1128717,15057,2,0
2813632,47357,56,1
1746902,45343,4,0
918299,18842,3,1
1007141,22395,2,1
1272092,7314,5,1
1424580,648,30,0
2886454,38988,4,1
2795369,38647,15,1
1735638,21292,8,0
3236829,7673,4,1
3030240,14618,6,0
657518,37092,9,1
3063575,34448,1,1
287105,6274,3,0
2482680,41844,7,1
1000685,22935,9,0
1671786,8064,7,0
2584775,21709,6,1
2886762,45619,9,1
1718099,27104,2,0
2036010,10831,16,1
1705748,24852,5,1
1885001,7054,12,0
3312118,673,8,0
1195262,10528,3,0
416611,6347,2,1
1831873,29577,5,1
1265847,1635,6,1
508770,3957,3,1
2656342,18439,5,1
124080,39812,21,1
2103842,23909,18,1
522115,1117,9,1
2884742,17835,8,0
94350,32330,25,1
772096,43183,5,1
612827,45296,29,1
2083897,8424,13,0
1455490,8277,3,1
1041376,28985,4,1
992317,35221,1,1
2910371,30276,11,0
473995,32677,4,0
546684,46041,15,0
2611623,8017,14,1
3356676,21333,4,1
2335614,41196,20,0
3039840,36264,13,0
7746,28913,11,1
490060,27344,11,1
893836,28204,2,0
1166054,49113,6,1
717363,16797,5,0
2332188,14161,22,1
1881518,27156,5,1
1209814,1394,1,1
525282,43713,3,1
229875,35951,19,0
1629983,8518,22,1
2610462,33125,11,1
564363,10998,3,1
416874,6003,4,1
1250386,49383,14,1
3309162,35181,4,1
3351871,11199,1,1
2073072,10060,9,0
3130875,21709,7,0
3371346,27023,4,1
770512,17429,4,1
1889600,24852,1,1
52542,23341,3,0
2164218,14619,5,1
1890906,22963,13,1
3185200,5449,12,1
3291208,18441,2,1
261747,4605,6,1
2737170,42291,10,1
341017,45946,1,1
3289200,25659,1,1
2588003,12341,4,1
2149269,46817,10,1
2058159,28985,9,1
2609281,39877,4,1
326267,3274,11,1
1342448,34126,12,1
1626565,48700,23,0
1107223,24184,3,1
2150460,27845,16,0
3397956,8324,7,1
2858571,32429,40,0
2905314,5876,19,0
957284,14419,2,1
1136586,29153,9,0
645824,45066,24,1
1421681,46979,1,0
2067846,45007,8,0
1880676,9741,4,0
256985,24799,4,1
731268,49278,5,1
2110830,37317,3,0
2370386,43961,3,1
2363697,23115,2,1
2198268,8570,16,0
527093,26604,8,1
3130587,44819,14,0
2510953,31506,2,0
1624992,46049,3,1
264917,32745,18,0
1007944,44765,15,1
752163,11281,7,1
1920030,18918,2,0
643279,1541,2,0
1841699,44609,6,0
2511131,21903,8,0
2140524,35786,3,0
141461,8518,7,1
1326299,44422,1,0
3081139,5450,10,0
1151977,26209,6,1
2554464,10860,11,0
2480979,24852,5,1
1632084,30461,34,0
3355418,4137,1,1
2658067,26096,14,1
855537,15485,7,0
270584,17630,4,1
2888956,46226,19,0
1457017,4313,13,0
3267527,47626,5,1
2282501,28682,4,0
2693652,21137,5,0
3003856,24009,1,0
3159609,37067,9,0
2146514,26209,8,0
3349039,40709,23,1
1470933,22802,3,1
1517749,31640,8,0
677102,34126,15,1
2740403,47626,10,1
3008823,18987,2,0
76717,4097,4,1
3170006,31423,7,1
1109104,18718,31,1
2972137,33342,4,1
2977957,33117,3,0
3401560,10795,10,0
2620236,23645,16,1
2760363,23765,9,1
696653,21137,1,0
2611345,13176,2,1
1707888,20628,22,0
766877,30391,9,1
3162467,21376,6,1
1150157,4367,5,1
2299582,16015,16,0
194144,21962,3,0
2104395,30057,12,0
1286342,24838,4,1
411108,12162,7,1
2667121,38176,8,0
2593328,26209,26,0
2176334,5876,4,0
56375,36106,5,1
2408215,44329,5,1
1238465,24852,2,1
465715,11136,24,1
2866634,21230,8,1
64356,47766,12,1
661945,16254,13,1
2749097,21445,44,1
2338377,41844,25,0
3223629,48364,2,0
668693,34969,4,1
958879,22788,14,0
1692250,24852,1,1
1772215,31553,1,1
2528914,47626,5,1
2424698,8324,6,0
3043233,22828,10,1
2565500,16349,18,0
230792,49175,12,0
205425,25495,3,1
98229,3896,12,0
2759966,25876,7,0
546132,41165,13,0
3005465,26317,5,1
2674581,36574,3,1
825615,4952,4,1
2813017,34862,8,1
2231583,36707,7,0
1608690,49630,13,0
1209908,28373,4,0
2279256,23375,17,1
1329323,33810,13,1
1489325,38837,15,0
2571847,33846,2,1
1928797,10690,2,0
2370214,10132,7,1
2109500,11152,7,0
2782035,15629,10,0
1128753,35721,5,0
3115965,27966,5,1
631871,31772,11,0
2655336,34881,23,1
2017612,4429,17,1
2369430,32303,6,1
2813632,22324,28,1
1154873,44008,9,1
718155,35951,15,0
1089970,29307,4,1
2801289,44683,4,1
571928,7781,6,0
3201652,16617,8,0
433429,42803,2,1
104722,42736,1,0
271311,15424,5,1
1075789,22990,26,0
2761210,35762,3,1
1780084,8349,18,0
1754134,32478,5,1
987829,31717,1,1
328693,41912,15,1
731202,27344,2,1
1820140,46364,37,0
3384237,44765,9,0
2685389,29127,7,1
567722,22000,16,0
2648743,29574,8,0
1863981,35561,1,1
1694322,521,1,0
1089943,42936,38,0
127413,35535,12,1
573903,8929,17,0
2521825,43183,7,0
388858,35749,25,0
3199908,24852,1,1
1110811,29750,13,0
2676942,47626,15,1
2714409,16584,3,0
1912725,28204,8,0
2539908,21009,7,1
256705,34248,5,1
1050256,6187,3,0
613529,33548,7,0
824388,27156,8,0
458509,6734,1,0
2862635,10333,7,0
2303765,40396,14,1
883810,41602,3,1
777462,30720,13,1
991987,18531,14,1
2553693,22825,11,0
1804921,40189,8,1
1815588,3512,2,1
1513660,3583,13,0
1580571,43903,2,0
670398,1935,3,1
473560,13176,11,1
2790108,26209,7,0
3009729,35561,10,1
1034166,29675,1,1
2885853,22935,1,1
1955148,9550,11,1
312936,17008,4,0
2715824,47626,4,1
3200142,7175,5,0
490815,6473,3,0
1610411,47209,4,1
2119818,4942,9,0
2237537,21023,3,0
554756,27344,25,0
3226270,264,4,0
770868,9076,3,1
3181216,22935,6,1
1893692,11777,11,1
316206,49235,2,1
47087,30450,11,0
419929,36205,11,0
1905257,27966,8,0
2914946,27554,5,1
3084371,44371,3,1
2151788,12481,8,0
668024,18811,3,1
1906485,13176,10,1
1424879,38077,4,0
2894790,7952,6,0
2874418,13249,1,1
367244,24571,7,1
1152409,20670,20,0
500008,35343,2,1
1146669,1215,4,1
70075,28842,11,0
3395878,21137,8,1
973548,27521,8,0
916924,27196,4,1
2837801,43122,19,0
1252841,5652,15,0
1159102,3689,12,1
1439382,46914,2,0
1895962,38266,7,0
117837,5876,1,1
873771,30183,12,0
2071455,22122,16,0
232261,14947,2,0
90089,46979,28,1
4305,36095,8,0
2695565,17878,9,1
1890978,21376,12,0
991078,17137,13,1
2646899,33664,11,1
1954649,27845,1,1
2107129,27423,4,1
2334105,36874,24,1
3405639,21417,12,0
1046499,42205,19,1
1739310,35628,3,1
959069,36830,3,1
3134889,14678,3,1
2500369,28918,8,1
1222137,42625,3,0
1774157,17736,9,0
1269882,6631,25,0
1729476,1890,4,1
437819,24010,4,0
234956,20711,3,0
3216481,40516,5,0
1929417,15248,4,1
1783666,18465,1,1
2699723,21288,11,1
973039,44479,16,1
411516,432,5,1
545283,33565,1,1
1723576,17419,27,0
215016,17316,2,1
2935574,32566,8,1
2754902,26925,31,0
1638939,28985,4,1
347578,22151,4,1
1519269,36695,2,0
547459,8061,1,1
1933703,7175,13,1
1045147,14870,10,1
1918319,38767,4,0
306832,24184,20,1
1691863,35004,4,0
1781010,42706,10,1
633045,36375,4,1
819409,28066,17,0
1743293,38383,24,1
2068582,19057,1,1
1922124,45581,5,1
1844737,48923,19,0
1642312,428,6,0
1445294,47759,6,1
3219088,22888,1,1
112571,2164,9,1
924969,44245,10,1
1747077,32734,5,1
2587435,79,5,0
1135004,47772,1,0
688221,21288,6,1
52465,17159,8,0
564043,41220,16,0
316282,18523,6,0
3020312,32605,12,0
203555,26032,8,1
1081137,37947,4,1
319304,8929,3,1
190482,33198,3,1
3384821,31759,7,0
1455635,47209,30,1
1686837,47672,23,0
973548,15462,2,0
2711020,13176,1,1
2719945,47601,20,0
2195916,39877,16,0
2734863,34637,9,0
2079560,14992,25,1
710696,2473,1,1
271205,21938,6,1
383194,15190,21,1
1358236,45144,3,1
1210821,39871,1,0
3254901,23524,4,0
2349354,46979,12,1
595249,34005,3,1
562839,49520,19,0
158049,22034,18,1
3398084,21137,2,1
2329010,47412,7,0
801580,24852,16,0
3169816,11925,13,0
3200602,23180,13,0
1176467,35561,8,1
509116,35102,3,1
2179086,47626,34,1
1860285,5212,21,0
2721885,46627,12,1
108932,27229,8,0
1065876,4974,6,0
2928078,12206,14,1
1534398,41063,20,0
224865,30121,10,0
787758,32299,4,0
674811,29088,4,1
2074695,11520,4,1
1405764,27642,5,0
2226003,24852,1,1
98205,21903,4,1
1555638,43961,10,1
334605,16797,7,1
862595,39209,2,0
2276665,24838,4,1
2073003,44632,2,1
2229834,4605,10,0
841277,13145,6,0
425988,28577,4,1
2014209,12980,1,1
2008555,27845,7,1
1853823,24235,3,1
1906740,554,1,1
2049486,46720,14,0
2446996,26837,3,1
455395,9203,38,0
2475921,14311,5,1
1532546,34005,6,1
122817,26856,14,0
1067762,19654,17,1
172198,49131,26,1
2106318,7644,6,0
1751958,280,7,0
3163076,21376,12,1
2292365,33898,8,0
2965346,37029,19,1
2095831,15399,2,1
980444,33911,10,1
1825072,20378,2,1
266738,43421,5,0
1580614,42803,7,1
622635,26410,11,1
2721335,32691,21,0
1084077,44449,8,0
2556224,20964,12,1
1637702,38490,2,1
965622,48015,4,1
883333,23047,4,1
2582277,47626,5,1
1588362,10521,11,1
242330,14947,6,1
3121473,31562,6,1
645152,12068,7,1
257784,46676,7,0
3301518,35199,16,1
1721879,21137,3,1
1390896,19984,16,0
2346123,35921,5,1
922075,42265,4,1
1379378,10411,4,0
2273668,36600,6,1
1403203,30776,1,0
1934595,10243,2,0
1949467,23630,12,1
1272896,21174,7,0
1911065,43961,15,1
3367615,26283,4,1
1321444,43565,1,0
1233898,34974,8,1
1860260,40332,9,1
1868780,43768,6,0
1724147,30949,11,1
1418894,10096,23,0
959622,30489,8,1
56308,20842,21,1
1059331,33000,13,0
626579,32300,4,0
1932457,49683,8,1
3176069,16953,8,0
3304348,17706,1,1
2337728,11520,5,0
548167,31955,5,0
2489151,34854,7,0
719939,24852,3,1
3338217,23662,9,0
273028,37646,4,1
1532245,4793,1,1
2450090,30774,12,0
1213263,1700,12,0
1224781,5785,1,1
3322413,46346,6,1
700149,24852,1,1
3164725,34243,14,1
2017376,23288,3,0
1888301,18539,13,1
2661492,47766,7,1
1326489,26915,5,1
2996655,13176,2,1
107495,13292,11,0
457874,31317,1,0
3417243,8859,1,1
960489,17948,9,0
885662,33754,13,1
1214993,42265,1,1
2338959,7051,26,1
3263228,27937,12,0
2671684,40723,4,1
2127526,13176,6,1
3071173,29642,4,0
3031063,35042,1,1
1670462,47804,6,1
2697661,26848,4,1
741499,40330,8,0
3008050,20842,4,1
2662282,19895,8,1
761079,4562,8,1
796747,25547,14,1
594493,7628,7,0
646521,2433,13,0
2290276,18362,2,1
1409183,31612,17,1
1547291,31040,4,0
1305110,184,4,0
2491404,41836,10,0
2844169,42633,7,0
2996850,47766,4,1
1358243,15709,3,0
2040790,16419,1,1
204803,25533,4,1
2406282,35124,15,1
3397162,26756,5,0
1660954,23864,7,0
2935077,27196,9,0
3006712,14265,1,0
2230023,43115,9,0
28117,17976,2,1
1504284,24184,1,1
2608802,12916,15,1
475302,4138,6,1
731874,5876,9,1
937262,39877,2,1
238854,17727,21,1
1691746,28156,17,0
1316737,7354,11,1
1319075,28156,13,1
2415000,21709,1,1
3416459,34969,12,0
749524,35731,12,1
275193,27522,1,1
1040997,771,6,1
699150,2295,4,0
2285291,47788,5,1
1368189,17878,4,1
1599568,37067,16,0
1994252,35535,11,0
2579318,38739,7,1
548503,17044,30,1
3123692,28289,10,0
2611433,30450,6,1
333115,43014,7,1
1357495,5422,1,1
3216067,32644,24,1
2745223,47008,5,1
1648027,5134,20,0
1977767,8571,6,1
3015792,38553,10,0
953981,43631,1,1
852885,12672,1,0
3198777,26348,3,1
285509,24852,3,1
1683532,5746,12,1
2441658,16797,5,1
3416039,49635,27,0
1824304,48423,19,0
2849394,47209,3,1
2055578,45723,1,0
1999141,14705,2,1
663916,40706,9,1
1404963,1217,1,0
675506,39581,2,1
719894,2295,3,0
220451,5818,5,0
1221059,26922,33,1
833479,34640,7,1
1435116,7969,6,0
849749,2326,6,0
1109142,25407,9,1
2655359,22750,11,1
557016,13733,13,1
2519703,44910,13,1
686624,17915,4,0
1213830,13176,9,0
1105068,18838,1,1
637650,30850,8,1
699789,28473,27,1
566330,45216,1,0
2908470,22825,6,1
1442999,1467,10,1
1965057,23854,19,1
786023,47209,15,0
3000095,20955,4,0
2615970,21376,14,0
1211145,47626,5,0
836382,22935,3,1
2414484,31683,10,1
1256112,1416,18,0
1482636,48192,36,1
2084864,43459,15,0
975146,16797,1,1
1407513,24852,4,1
1802945,45364,4,0
1335442,43218,16,0
1160601,35819,5,1
1785661,33000,8,1
476785,42265,6,1
2592866,1086,8,1
3181917,14267,5,1
1633869,24199,1,1
2431712,19057,15,1
3273917,10145,5,0
3334946,48578,7,1
2166853,38533,5,1
484068,37119,2,1
2813826,31235,9,0
2494677,19820,4,1
93864,35855,10,0
2007907,14032,1,1
1737298,48220,14,0
2240784,8988,6,0
1451093,23375,12,0
2725786,11885,2,1
2127569,34358,2,0
1340295,32689,11,0
219986,23026,7,1
528835,2228,6,1
3050737,17008,5,1
5466,33560,21,0
841609,18606,1,1
1508385,2111,15,0
3199571,27336,13,1
1931893,32478,2,1
741593,7146,9,0
769668,11520,6,1
2791519,21614,7,0
842563,29898,8,0
764675,43726,7,1
1652146,17600,5,0
1553799,40709,16,0
3057579,5450,12,1
466079,31553,8,1
1003258,13176,3,1
1214614,30391,12,1
1822639,41999,3,0
2861818,47766,4,1
85626,5818,11,1
1117693,7632,9,0
603707,20106,1,0
779852,15412,12,0
3063488,39581,10,1
998292,13196,18,0
1092921,13852,6,1
1235609,46979,10,0
1694382,35688,4,1
2678201,10814,20,0
838041,10132,6,1
2162060,16965,13,1
2445923,11087,14,1
934893,44632,1,1
976141,12276,6,0
2056265,9825,1,1
2127194,33000,3,1
340728,32478,5,1
3295758,10761,19,1
931126,24382,12,0
1469246,31231,6,1
543333,47788,21,0
1201557,30489,3,1
2051717,41065,27,0
1046859,24838,7,0
1496690,33768,52,1
2401022,4799,8,1
462863,27966,19,0
2533311,40301,19,1
1865894,38838,15,0
2192574,27964,11,0
1740772,15462,4,0
2482038,35951,7,1
1018521,32579,6,1
1153585,41808,11,1
414029,4920,9,1
2169045,16797,2,1
2138072,46990,6,1
1370679,36994,25,0
1920240,21050,2,1
2581654,20682,3,1
3320582,49683,11,1
2785801,3585,21,0
2094299,46886,13,1
992850,43961,3,1
2016920,10314,3,1
23566,49044,27,1
2446996,39527,1,1
116850,429,30,0
768591,25783,4,0
1371818,22326,4,0
3269826,46906,6,1
862142,35939,5,1
768268,35221,32,1
2463159,49131,9,0
2394629,6334,16,0
842584,45249,22,1
1260642,35851,4,1
1941421,12341,2,1
2473082,11777,12,1
1583267,24852,24,1
2603900,33120,5,0
975145,44479,3,1
209300,28601,6,1
2384156,27423,8,1
1657484,8277,29,1
839764,46802,12,1
1723547,13984,14,0
1934977,36923,5,0
1341739,42234,3,0
2393139,12206,2,0
2639994,48876,4,1
2826158,23029,21,0
2623708,16414,3,0
2007182,26634,14,0
3373737,14867,10,0
194983,37687,4,1
1528388,15664,12,0
634312,1757,7,0
865979,47248,7,0
1086327,47668,6,1
2612626,11767,6,1
2892778,22178,11,0
2267451,4006,10,0
117587,8490,21,1
2204297,41844,11,1
2989737,22950,24,0
2678748,30850,18,1
1854209,27104,13,1
1348895,34886,9,0
101246,38440,1,1
519937,33274,5,0
1436611,47766,4,1
2900329,24852,12,1
576490,9203,8,0
1956381,36011,1,1
261858,21653,2,0
1560577,9913,4,1
157976,38739,2,0
285589,17461,2,0
2935275,14778,17,1
1258672,20114,13,0
2584099,41213,2,1
1959513,20995,20,1
2048144,34049,1,1
688672,19801,6,0
182798,28849,12,1
1026502,49683,1,1
87622,46041,21,1
3105735,23020,18,1
3396202,17341,15,0
973151,39475,8,1
2659533,8518,10,0
2302720,25138,3,1
2890231,14168,20,0
3185449,24964,3,0
795340,43961,9,1
2380851,27966,6,1
2386179,21010,20,0
2013806,20660,8,1
2685327,44359,20,1
2549981,13409,6,1
3216481,41950,4,0
3363673,23527,11,0
260614,39094,6,0
2703981,35140,3,0
190890,11759,8,0
572221,40310,20,1
2488135,18211,4,1
1399417,22825,7,0
1664654,45447,11,0
2624171,46979,10,0
514167,24852,1,1
3282472,29941,3,1
2669134,39774,8,1
1075493,21903,4,1
3117385,25757,3,0
2845100,7916,5,1
2114576,5876,6,1
2867155,40254,19,0
2453315,33787,1,1
704924,22571,9,1
2085240,49075,10,1
96117,6046,6,0
870939,11576,1,1
3339991,17634,9,1
970729,29480,2,0
3071714,1458,3,1
1894834,33351,10,0
992168,34678,3,1
696159,26940,24,0
2419866,689,5,0
1281530,17652,3,1
2991946,46667,1,1
642502,2141,15,1
2617819,13062,7,0
2837795,13176,3,1
1040115,45504,4,1
2458219,42736,10,1
960363,35824,8,1
3307009,47139,1,0
1009446,14376,4,0
1997064,34735,7,0
989578,13176,3,1
1414389,28597,2,1
3128691,42384,6,0
3284724,436,22,1
378961,31015,3,0
2304960,13851,18,1
64635,30633,9,0
848426,15672,4,1
2429928,40063,6,0
3253907,22290,11,1
2422985,2536,10,1
1145111,40516,7,0
2029135,28289,9,0
2713831,4138,12,1
96919,33234,9,1
3214988,12218,19,1
2169229,23801,10,1
1875463,34448,10,1
337863,49086,22,1
962876,20114,3,0
716091,16797,13,1
3150951,22724,23,1
624653,27323,10,1
2745486,23009,10,1
2030591,45064,6,0
1674548,39693,4,0
53884,734,8,1
1724803,46023,4,1
1128778,22935,2,1
1089943,30121,4,0
3166307,46667,3,1
1545725,17872,8,0
3114872,43136,3,0
2873566,22888,8,0
1884676,17646,3,0
2563007,32795,10,0
2313103,4605,2,1
3039731,31506,1,0
2013848,27117,8,0
3117330,34146,5,1
3136758,46616,5,1
1797848,46886,2,1
437211,29574,1,0
1800004,19878,13,0
403367,33668,14,1
363759,4473,4,1
1012476,14947,8,1
181872,6128,4,1
2440385,2078,4,1
2256719,21616,7,1
3030253,47993,14,0
2156254,8025,26,1
3357626,4920,10,1
2237534,26209,20,1
1350443,41950,3,0
2361074,16797,9,1
3319489,19057,3,1
2419916,7179,16,0
655800,1311,19,0
663971,28590,3,1
2066511,25464,2,0
918139,39928,7,1
528491,12204,9,0
656381,45488,5,1
1190355,32035,9,0
478478,27966,2,1
1364017,23198,5,1
819695,23977,1,1
128933,36086,8,1
1121290,38241,6,1
90207,48455,4,0
1140265,3522,12,0
2886303,31102,3,1
1963894,17418,19,0
1093314,44641,13,0
441287,3265,4,1
1742121,45418,15,0
3407881,4136,4,0
3319020,10793,6,0
2804818,28458,5,1
2355683,17948,4,0
1207280,30391,4,1
3160975,12226,1,0
3167813,16207,4,0
1557337,18140,18,1
2812437,5475,3,0
1108053,34358,2,0
267937,33787,10,1
3128381,28609,1,0
1701624,41771,9,1
415618,7461,8,1
509603,12087,2,1
767886,3957,9,1
2701509,32655,2,1
1348635,34335,15,1
575236,20995,13,0
1538267,15995,19,1
724645,39561,3,1
3338932,5922,6,0
2127571,22115,8,1
2606288,48205,4,1
1775709,27966,1,1
3231905,31181,3,0
634963,37096,3,1
1809247,11422,7,1
1026947,10260,11,0
2011424,10673,17,0
2792816,21903,10,1
2789028,8638,21,1
3351563,38557,10,0
1830522,10568,4,0
263012,5258,2,0
691849,42265,3,1
1488589,27966,4,1
2086322,3952,5,1
1523599,28931,21,0
2504727,46654,4,0
2500571,8475,9,1
2373663,649,7,0
3241650,7562,18,0
3401252,35725,4,1
963315,11678,25,0
792444,21137,2,1
2597292,40002,17,1
1007474,18339,2,0
2894370,24535,3,1
2654268,36144,4,1
1637513,11068,9,0
640212,13626,3,1
2701005,24852,3,1
1453287,32478,5,1
2766628,28849,16,0
3175260,39408,11,1
3189398,11732,7,1
1897253,25890,5,0
248633,34243,1,0
2390534,26209,2,0
1596894,22754,6,1
991283,32208,4,0
1346804,10243,10,0
1462021,651,5,1
1829679,19678,10,0
2955432,13914,4,1
758369,16826,5,1
760729,25466,1,1
425691,41950,16,1
1166135,9587,33,0
919025,41565,12,1
388910,39275,7,1
1956305,47626,15,0
2568827,14063,3,0
3227676,28535,16,1
886945,17183,21,1
565931,48199,4,1
676428,17795,1,0
2806282,38456,37,0
490704,29392,1,1
1892083,36866,12,1
2253473,5618,13,1
1369333,35762,37,1
1502128,42504,11,1
2625718,24852,1,1
341776,24549,16,0
3248092,48364,1,1
3065591,31930,19,1
1206144,32331,5,1
474271,2535,15,1
2966392,39993,4,0
101375,7113,2,0
3340289,21903,19,1
373270,23662,5,1
1130854,32982,6,0
1429317,39212,20,0
1016326,18171,7,0
2435022,4493,2,1
3248983,23165,14,1
3370338,11913,6,1
2079560,22825,22,1
2647494,9138,6,1
2668343,37552,2,1
1549277,27590,10,0
2841082,21616,2,1
3060626,9000,9,0
128560,31772,8,1
316049,20114,10,0
3252322,18370,10,1
551070,32240,4,0
1746978,2535,8,0
2462288,6348,6,1
2575636,20580,10,0
1291386,1194,6,1
2033397,19938,9,1
2631999,40310,23,0
559932,27845,1,1
1325096,1117,7,0
2163241,25154,8,0
2175162,10761,3,1
886945,47766,14,1
3033229,41582,5,1
2296391,22935,9,1
3325581,48104,11,1
1679657,27521,2,1
457739,31040,23,1
207647,27695,3,1
2228378,18434,11,1
2257886,45007,6,1
837947,34343,1,1
3378369,19766,7,1
540339,7969,21,0
2369481,21410,5,1
3142352,47209,9,1
782762,21903,9,1
511680,37646,1,0
2230185,39475,5,0
2281454,7704,9,0
2521532,47788,7,0
2745626,34898,3,1
1038649,13885,14,1
1397392,24964,4,0
2742604,27156,1,0
2420659,30290,10,1
2075848,27966,2,1
2247232,18394,26,0
746836,20345,3,0
471714,45007,30,1
2345736,3526,2,1
2936863,33493,3,0
3027892,3808,8,0
1162677,15364,3,0
864893,30233,1,0
490892,9637,12,0
1640668,19272,12,1
244163,23165,38,1
1648472,25824,16,0
259640,37104,7,0
3085960,47766,12,1
2942139,34335,2,1
3301798,24852,9,1
2426812,1335,15,0
1530093,46802,4,0
790975,13176,2,1
1620270,43961,8,1
822549,13198,19,0
77002,14211,14,1
2790720,44670,17,1
346959,44359,4,0
1233321,3389,5,1
795593,46621,15,0
1824008,15359,5,0
3412213,21903,4,1
1754183,11737,5,1
2645860,19660,2,1
295476,5025,10,1
1081158,11256,9,1
1272596,39561,14,1
134316,47626,3,1
1119469,18023,3,1
1699328,33909,5,0
914979,23025,4,1
1092033,48186,4,1
2203346,15261,11,0
99185,40310,3,1
291763,29487,9,1
1121122,6184,5,1
2176405,1272,5,1
2903567,25588,24,0
220696,33929,3,0
2178741,33911,6,1
219986,14063,19,0
3303221,13423,2,0
1432363,13870,16,1
116798,11075,9,0
1462738,12899,2,1
3143081,9544,5,1
580104,10333,2,0
1480142,47209,3,1
1075879,25422,21,1
633016,46584,4,1
1728148,33709,1,1
265132,742,8,0
2924697,44636,5,1
1078292,12704,3,0
2676868,5022,18,1
1776181,28842,3,1
2026945,21955,23,1
3277500,7503,15,1
298350,41149,20,0
1137662,22140,4,1
690910,33768,5,1
1635133,41290,10,0
1175175,34128,14,0
2289106,18811,3,1
1804133,43352,1,1
2780632,20039,12,1
3396499,12845,9,1
2348699,49139,10,1
1422907,27772,1,1
782293,40174,7,1
950540,19086,1,1
1171354,34335,8,0
1522932,31717,17,0
3199707,13431,20,1
3199231,11520,1,1
1271412,14875,1,1
872151,4913,10,0
2441620,38129,27,0
2237677,28465,3,1
1834542,32864,12,1
3039464,31678,5,0
2259220,39475,5,0
1490435,11422,3,1
286778,14881,14,1
639643,1994,13,1
884496,24852,4,1
546132,4210,14,1
2649855,38051,7,0
1171249,11520,2,1
271618,30720,4,0
981876,30489,10,1
3200856,37464,13,0
286781,44953,6,0
2998316,14891,9,0
1437607,27156,4,0
112273,19990,4,0
2702189,27179,4,1
2556102,3407,13,1
2120381,17284,2,1
2984156,48186,2,1
1070350,16290,18,0
2429510,31717,36,1
1478236,41484,9,1
1286181,42110,10,1
3281726,33007,3,1
189223,45051,2,1
1735565,31471,10,1
255087,8758,18,0
1527534,7781,7,1
1629096,10321,2,0
1376791,20316,26,1
966053,43014,2,1
3206075,19154,8,0
548777,8224,7,0
853058,32338,6,0
